timestamp,symbol,open,high,low,close,bid,ask,volume
2025-11-03 04:37:03,AAPL,150.299,150.9925,149.5004,150.1939,150.1893,150.1985,463
2025-11-03 04:38:03,AAPL,150.1939,150.2386,150.1048,150.1495,150.1465,150.1525,725
2025-11-03 04:39:03,AAPL,150.1495,150.8855,149.6643,150.4003,150.3961,150.4046,7242
2025-11-03 04:40:03,AAPL,150.4003,151.5053,149.8767,150.9816,150.9814,150.9819,1913
2025-11-03 04:41:03,AAPL,150.9816,151.2768,150.6057,150.9008,150.8953,150.9064,288
2025-11-03 04:42:03,AAPL,150.9008,151.5722,150.1487,150.8201,150.8151,150.8251,1782
2025-11-03 04:43:03,AAPL,150.8201,151.9006,150.3437,151.4243,151.4213,151.4272,233
2025-11-03 04:44:03,AAPL,151.4243,152.5098,150.6371,151.7226,151.716,151.7293,3237
2025-11-03 04:45:03,AAPL,151.7226,152.1241,151.1508,151.5522,151.5449,151.5596,684
2025-11-03 04:46:03,AAPL,151.5522,152.7536,150.5642,151.7655,151.7646,151.7665,998
2025-11-03 04:47:03,AAPL,151.7655,151.9137,151.4492,151.5974,151.5943,151.6005,4129
2025-11-03 04:48:03,AAPL,151.5974,153.1538,149.8721,151.4286,151.4255,151.4316,302
2025-11-03 04:49:03,AAPL,151.4286,152.0447,150.9117,151.5278,151.5251,151.5304,271
2025-11-03 04:50:03,AAPL,151.5278,152.8297,149.5103,150.8122,150.8052,150.8193,611
2025-11-03 04:51:03,AAPL,150.8122,150.9607,150.0224,150.1708,150.1663,150.1753,3097
2025-11-03 04:52:03,AAPL,150.1708,150.6594,149.4788,149.9674,149.963,149.9717,240
2025-11-03 04:53:03,AAPL,149.9674,150.3303,149.2327,149.5956,149.5956,149.5956,64
2025-11-03 04:54:03,AAPL,149.5956,149.9609,149.3553,149.7206,149.7141,149.7272,698
2025-11-03 04:55:03,AAPL,149.7206,150.0388,149.0705,149.3886,149.3867,149.3905,1904
2025-11-03 04:56:03,AAPL,149.3886,149.7808,148.4774,148.8695,148.8644,148.8747,3641
2025-11-03 04:57:03,AAPL,148.8695,149.8538,148.4393,149.4235,149.4178,149.4292,690
2025-11-03 04:58:03,AAPL,149.4235,149.4418,149.3284,149.3466,149.3382,149.355,726
2025-11-03 04:59:03,AAPL,149.3466,150.986,147.7399,149.3793,149.3776,149.3811,3476
2025-11-03 05:00:03,AAPL,149.3793,150.675,147.56,148.8556,148.8531,148.8582,169
2025-11-03 05:01:03,AAPL,148.8556,149.1829,148.3334,148.6606,148.6552,148.6661,743
2025-11-03 05:02:03,AAPL,148.6606,148.7378,148.6321,148.7093,148.6998,148.7188,1326
2025-11-03 05:03:03,AAPL,148.7093,148.7993,148.1994,148.2894,148.2813,148.2975,1718
2025-11-03 05:04:03,AAPL,148.2894,148.8963,147.8293,148.4362,148.4307,148.4417,658
2025-11-03 05:05:03,AAPL,148.4362,149.2033,147.4538,148.2209,148.2171,148.2246,1135
2025-11-03 05:06:03,AAPL,148.2209,148.4139,147.9272,148.1202,148.1132,148.1272,91
2025-11-03 05:07:03,AAPL,148.1202,149.3717,146.6535,147.905,147.9024,147.9075,567
2025-11-03 05:08:03,AAPL,147.905,148.8983,147.6056,148.5989,148.5927,148.6051,1725
2025-11-03 05:09:03,AAPL,148.5989,149.0867,148.1135,148.6013,148.595,148.6076,410
2025-11-03 05:10:03,AAPL,148.6013,148.9637,147.8539,148.2163,148.2086,148.2239,1163
2025-11-03 05:11:03,AAPL,148.2163,149.7093,147.0358,148.5288,148.5169,148.5407,1714
2025-11-03 05:12:03,AAPL,148.5288,149.4481,147.1643,148.0836,148.0776,148.0896,778
2025-11-03 05:13:03,AAPL,148.0836,149.2666,146.9853,148.1683,148.1646,148.1721,1300
2025-11-03 05:14:03,AAPL,148.1683,148.3367,147.2833,147.4516,147.4467,147.4565,418
2025-11-03 05:15:03,AAPL,147.4516,148.2369,146.1848,146.9701,146.9696,146.9707,891
2025-11-03 05:16:03,AAPL,146.9701,148.3128,145.7072,147.0498,147.0466,147.0531,2018
2025-11-03 05:17:03,AAPL,147.0498,147.6731,146.7057,147.3289,147.325,147.3329,1283
2025-11-03 05:18:03,AAPL,147.3289,148.2085,146.5199,147.3994,147.3958,147.4031,610
2025-11-03 05:19:03,AAPL,147.3994,147.4283,147.3353,147.3642,147.3588,147.3696,1372
2025-11-03 05:20:03,AAPL,147.3642,147.4937,147.1312,147.2607,147.2577,147.2636,2240
2025-11-03 05:21:03,AAPL,147.2607,147.9234,146.062,146.7247,146.7169,146.7325,141
2025-11-03 05:22:03,AAPL,146.7247,147.2139,145.979,146.4682,146.4632,146.4732,3494
2025-11-03 05:23:03,AAPL,146.4682,147.6505,145.1247,146.3069,146.302,146.3119,783
2025-11-03 05:24:03,AAPL,146.3069,147.8089,145.1995,146.7015,146.6973,146.7056,1678
2025-11-03 05:25:03,AAPL,146.7015,147.8699,145.6664,146.8349,146.8295,146.8403,3630
2025-11-03 05:26:03,AAPL,146.8349,147.304,145.7272,146.1964,146.1894,146.2035,278
2025-11-03 05:27:03,AAPL,146.1964,146.6191,145.8996,146.3222,146.3194,146.3251,539
2025-11-03 05:28:03,AAPL,146.3222,146.6928,145.8182,146.1887,146.1854,146.1921,821
2025-11-03 05:29:03,AAPL,146.1887,146.3843,145.7534,145.9489,145.9446,145.9531,500
2025-11-03 05:30:03,AAPL,145.9489,146.5922,145.5361,146.1795,146.1779,146.1812,6216
2025-11-03 05:31:03,AAPL,146.1795,147.0678,145.6758,146.5641,146.5612,146.5671,465
2025-11-03 05:32:03,AAPL,146.5641,146.9322,146.5449,146.9131,146.9093,146.9169,629
2025-11-03 05:33:03,AAPL,146.9131,147.7926,145.733,146.6125,146.6053,146.6197,1345
2025-11-03 05:34:03,AAPL,146.6125,147.0202,146.0988,146.5065,146.5009,146.5122,329
2025-11-03 05:35:03,AAPL,146.5065,146.9132,146.2286,146.6353,146.6298,146.6407,738
2025-11-03 05:36:03,AAPL,146.6353,147.5794,146.0565,147.0007,146.9935,147.0078,1506
2025-11-03 05:37:03,AAPL,147.0007,149.1371,144.6956,146.832,146.8274,146.8367,786
2025-11-03 05:38:03,AAPL,146.832,147.6936,145.9096,146.7712,146.7652,146.7772,998
2025-11-03 05:39:03,AAPL,146.7712,148.076,145.0684,146.3731,146.3684,146.3779,645
2025-11-03 05:40:03,AAPL,146.3731,146.645,145.6715,145.9434,145.9377,145.949,241
2025-11-03 05:41:03,AAPL,145.9434,147.0872,145.1036,146.2474,146.2439,146.251,1512
2025-11-03 05:42:03,AAPL,146.2474,147.7225,145.2764,146.7515,146.7504,146.7526,6341
2025-11-03 05:43:03,AAPL,146.7515,147.6221,145.8618,146.7324,146.7277,146.7371,1116
2025-11-03 05:44:03,AAPL,146.7324,147.4591,146.3816,147.1083,147.0998,147.1169,1373
2025-11-03 05:45:03,AAPL,147.1083,147.5086,146.8485,147.2488,147.2415,147.2561,2192
2025-11-03 05:46:03,AAPL,147.2488,147.284,146.9836,147.0188,147.0114,147.0262,308
2025-11-03 05:47:03,AAPL,147.0188,147.5169,146.661,147.1591,147.151,147.1672,6018
2025-11-03 05:48:03,AAPL,147.1591,147.791,147.1015,147.7334,147.7282,147.7386,1342
2025-11-03 05:49:03,AAPL,147.7334,148.6956,146.7653,147.7275,147.7221,147.733,5607
2025-11-03 05:50:03,AAPL,147.7275,149.0611,146.9803,148.3139,148.3105,148.3174,526
2025-11-03 05:51:03,AAPL,148.3139,148.6843,146.9828,147.3531,147.3489,147.3573,6755
2025-11-03 05:52:03,AAPL,147.3531,148.831,146.1857,147.6636,147.6571,147.6701,2380
2025-11-03 05:53:03,AAPL,147.6636,148.0242,147.3425,147.7031,147.6951,147.7111,1906
2025-11-03 05:54:03,AAPL,147.7031,148.8287,146.4746,147.6001,147.5955,147.6048,1385
2025-11-03 05:55:03,AAPL,147.6001,148.279,146.9625,147.6414,147.6375,147.6452,855
2025-11-03 05:56:03,AAPL,147.6414,147.9029,146.6554,146.9169,146.9119,146.9219,3642
2025-11-03 05:57:03,AAPL,146.9169,147.1789,146.5817,146.8436,146.8371,146.8501,1261
2025-11-03 05:58:03,AAPL,146.8436,147.2233,146.6024,146.9821,146.9807,146.9835,153
2025-11-03 05:59:03,AAPL,146.9821,149.0911,145.4245,147.5335,147.5328,147.5343,358
2025-11-03 06:00:03,AAPL,147.5335,147.82,147.0634,147.3499,147.3463,147.3535,910
2025-11-03 06:01:03,AAPL,147.3499,147.6724,146.7372,147.0597,147.0578,147.0617,1495
2025-11-03 06:02:03,AAPL,147.0597,147.8324,146.11,146.8827,146.879,146.8864,1036
2025-11-03 06:03:03,AAPL,146.8827,147.4057,146.7036,147.2266,147.222,147.2312,3710
2025-11-03 06:04:03,AAPL,147.2266,147.5493,147.0323,147.355,147.3511,147.3589,155
2025-11-03 06:05:03,AAPL,147.355,147.5023,147.0201,147.1673,147.1587,147.176,1265
2025-11-03 06:06:03,AAPL,147.1673,147.4174,147.1136,147.3637,147.3578,147.3695,178
2025-11-03 06:07:03,AAPL,147.3637,147.4347,147.3357,147.4068,147.4011,147.4126,2344
2025-11-03 06:08:03,AAPL,147.4068,148.3173,146.8611,147.7716,147.765,147.7781,997
2025-11-03 06:09:03,AAPL,147.7716,147.8105,147.4809,147.5198,147.5177,147.522,1668
2025-11-03 06:10:03,AAPL,147.5198,148.0693,146.8569,147.4064,147.3988,147.414,462
2025-11-03 06:11:03,AAPL,147.4064,147.4669,147.2088,147.2693,147.2645,147.2742,3942
2025-11-03 06:12:03,AAPL,147.2693,147.3283,146.6799,146.7388,146.7322,146.7455,3107
2025-11-03 06:13:03,AAPL,146.7388,148.3535,145.2402,146.8549,146.8525,146.8572,1965
2025-11-03 06:14:03,AAPL,146.8549,147.6453,146.1676,146.9581,146.957,146.9592,963
2025-11-03 06:15:03,AAPL,146.9581,147.2272,146.6982,146.9673,146.9603,146.9743,1958
2025-11-03 06:16:03,AAPL,146.9673,147.7158,146.14,146.8885,146.8825,146.8944,540
2025-11-03 06:17:03,AAPL,146.8885,149.0607,144.2048,146.377,146.3742,146.3797,2580
2025-11-03 06:18:03,AAPL,146.377,147.9432,144.6641,146.2304,146.2276,146.2332,5707
2025-11-03 06:19:03,AAPL,146.2304,146.3351,146.0078,146.1125,146.1047,146.1203,3199
2025-11-03 06:20:03,AAPL,146.1125,146.9436,144.9959,145.827,145.825,145.829,528
2025-11-03 06:21:03,AAPL,145.827,146.607,144.9956,145.7755,145.7664,145.7846,1574
2025-11-03 06:22:03,AAPL,145.7755,146.3897,145.3159,145.9301,145.9274,145.9329,300
2025-11-03 06:23:03,AAPL,145.9301,147.4173,145.1401,146.6272,146.6206,146.6338,1943
2025-11-03 06:24:03,AAPL,146.6272,147.1664,146.1594,146.6986,146.6944,146.7028,1720
2025-11-03 06:25:03,AAPL,146.6986,148.2359,145.2631,146.8004,146.7939,146.8069,169
2025-11-03 06:26:03,AAPL,146.8004,146.9434,146.6374,146.7804,146.7768,146.7841,343
2025-11-03 06:27:03,AAPL,146.7804,146.9435,145.9222,146.0853,146.0807,146.0899,826
2025-11-03 06:28:03,AAPL,146.0853,146.7379,145.4304,146.0829,146.0778,146.088,811
2025-11-03 06:29:03,AAPL,146.0829,146.484,145.7112,146.1122,146.1097,146.1147,327
2025-11-03 06:30:03,AAPL,146.1122,147.135,145.9994,147.0221,147.0153,147.029,1618
2025-11-03 06:31:03,AAPL,147.0221,147.2959,146.6851,146.9588,146.9551,146.9625,1410
2025-11-03 06:32:03,AAPL,146.9588,148.8795,145.1562,147.077,147.0726,147.0814,903
2025-11-03 06:33:03,AAPL,147.077,147.1202,147.0284,147.0716,147.0691,147.0741,515
2025-11-03 06:34:03,AAPL,147.0716,147.2224,146.499,146.6498,146.6484,146.6512,3129
2025-11-03 06:35:03,AAPL,146.6498,147.8648,145.8618,147.0768,147.0723,147.0813,5741
2025-11-03 06:36:03,AAPL,147.0768,148.19,146.2476,147.3609,147.3499,147.3719,676
2025-11-03 06:37:03,AAPL,147.3609,148.5502,146.4706,147.66,147.653,147.6669,594
2025-11-03 06:38:03,AAPL,147.66,148.139,146.853,147.332,147.3271,147.337,1792
2025-11-03 06:39:03,AAPL,147.332,148.7143,146.4748,147.857,147.8527,147.8614,766
2025-11-03 06:40:03,AAPL,147.857,149.0821,146.122,147.3471,147.342,147.3522,953
2025-11-03 06:41:03,AAPL,147.3471,148.4306,146.4873,147.5708,147.5645,147.5772,2297
2025-11-03 06:42:03,AAPL,147.5708,148.6155,147.3438,148.3886,148.3865,148.3906,162
2025-11-03 06:43:03,AAPL,148.3886,148.9543,147.4633,148.029,148.0212,148.0368,4098
2025-11-03 06:44:03,AAPL,148.029,148.0771,147.7788,147.8269,147.8201,147.8337,1179
2025-11-03 06:45:03,AAPL,147.8269,148.1177,147.5804,147.8712,147.8644,147.878,726
2025-11-03 06:46:03,AAPL,147.8712,148.1122,147.4515,147.6925,147.6864,147.6986,1003
2025-11-03 06:47:03,AAPL,147.6925,148.009,146.812,147.1285,147.1234,147.1335,1056
2025-11-03 06:48:03,AAPL,147.1285,148.3713,145.9182,147.161,147.1543,147.1677,194
2025-11-03 06:49:03,AAPL,147.161,147.5012,146.4379,146.7781,146.7716,146.7845,4889
2025-11-03 06:50:03,AAPL,146.7781,147.1424,146.5949,146.9593,146.9552,146.9634,1142
2025-11-03 06:51:03,AAPL,146.9593,147.6824,145.9062,146.6292,146.6257,146.6328,1707
2025-11-03 06:52:03,AAPL,146.6292,148.098,145.7371,147.2058,147.2006,147.2111,2839
2025-11-03 06:53:03,AAPL,147.2058,148.1266,146.0045,146.9252,146.9164,146.9341,394
2025-11-03 06:54:03,AAPL,146.9252,147.3733,146.3663,146.8143,146.8124,146.8162,1760
2025-11-03 06:55:03,AAPL,146.8143,147.6464,146.2884,147.1206,147.1192,147.1219,839
2025-11-03 06:56:03,AAPL,147.1206,147.3437,146.4527,146.6759,146.6705,146.6813,2557
2025-11-03 06:57:03,AAPL,146.6759,147.7984,145.6441,146.7667,146.7615,146.7718,130
2025-11-03 06:58:03,AAPL,146.7667,147.367,146.6541,147.2544,147.249,147.2598,993
2025-11-03 06:59:03,AAPL,147.2544,147.3486,146.577,146.6712,146.6655,146.6768,600
2025-11-03 07:00:03,AAPL,146.6712,146.876,146.5414,146.7462,146.7418,146.7507,1689
2025-11-03 07:01:03,AAPL,146.7462,146.8606,146.7345,146.8489,146.8402,146.8577,1754
2025-11-03 07:02:03,AAPL,146.8489,147.9658,146.0267,147.1436,147.1426,147.1446,540
2025-11-03 07:03:03,AAPL,147.1436,148.2236,145.6166,146.6966,146.6937,146.6995,537
2025-11-03 07:04:03,AAPL,146.6966,147.8925,145.0246,146.2204,146.2157,146.2252,981
2025-11-03 07:05:03,AAPL,146.2204,147.0539,145.5852,146.4187,146.4178,146.4196,447
2025-11-03 07:06:03,AAPL,146.4187,147.2783,145.6751,146.5348,146.5302,146.5393,2545
2025-11-03 07:07:03,AAPL,146.5348,148.2489,144.9197,146.6339,146.6247,146.643,758
2025-11-03 07:08:03,AAPL,146.6339,147.2475,146.1547,146.7683,146.7632,146.7733,59
2025-11-03 07:09:03,AAPL,146.7683,147.7606,145.534,146.5263,146.5207,146.5319,753
2025-11-03 07:10:03,AAPL,146.5263,147.8503,145.2948,146.6187,146.6169,146.6206,388
2025-11-03 07:11:03,AAPL,146.6187,147.4909,145.8614,146.7335,146.7301,146.737,214
2025-11-03 07:12:03,AAPL,146.7335,147.2497,145.9629,146.4791,146.475,146.4831,318
2025-11-03 07:13:03,AAPL,146.4791,148.8606,144.7897,147.1713,147.167,147.1755,1223
2025-11-03 07:14:03,AAPL,147.1713,148.0894,146.4349,147.3531,147.3449,147.3613,4140
2025-11-03 07:15:03,AAPL,147.3531,147.5967,146.6786,146.9222,146.9158,146.9286,1499
2025-11-03 07:16:03,AAPL,146.9222,149.0455,145.0476,147.1709,147.1687,147.1731,597
2025-11-03 07:17:03,AAPL,147.1709,148.8891,145.1019,146.8201,146.8145,146.8257,1730
2025-11-03 07:18:03,AAPL,146.8201,148.1588,145.7779,147.1166,147.1104,147.1229,692
2025-11-03 07:19:03,AAPL,147.1166,148.7848,145.8826,147.5507,147.5429,147.5586,547
2025-11-03 07:20:03,AAPL,147.5507,148.3177,146.4888,147.2557,147.2467,147.2646,345
2025-11-03 07:21:03,AAPL,147.2557,149.448,145.4259,147.6181,147.6157,147.6206,190
2025-11-03 07:22:03,AAPL,147.6181,148.8161,146.5799,147.7779,147.775,147.7809,742
2025-11-03 07:23:03,AAPL,147.7779,148.5123,147.355,148.0894,148.0875,148.0912,1284
2025-11-03 07:24:03,AAPL,148.0894,149.2468,147.6433,148.8007,148.7963,148.8051,995
2025-11-03 07:25:03,AAPL,148.8007,149.4408,148.0768,148.7169,148.7107,148.7231,723
2025-11-03 07:26:03,AAPL,148.7169,149.2861,147.8751,148.4443,148.4369,148.4518,425
2025-11-03 07:27:03,AAPL,148.4443,148.6552,147.9111,148.122,148.1172,148.1268,2014
2025-11-03 07:28:03,AAPL,148.122,148.2002,147.7495,147.8276,147.8234,147.8318,293
2025-11-03 07:29:03,AAPL,147.8276,147.8746,147.7596,147.8065,147.8011,147.8119,2382
2025-11-03 07:30:03,AAPL,147.8065,148.5055,147.241,147.94,147.9371,147.9429,402
2025-11-03 07:31:03,AAPL,147.94,148.2603,147.7295,148.0498,148.0396,148.06,516
2025-11-03 07:32:03,AAPL,148.0498,149.6334,146.7801,148.3637,148.3627,148.3647,252
2025-11-03 07:33:03,AAPL,148.3637,148.4497,148.2899,148.3759,148.3705,148.3814,664
2025-11-03 07:34:03,AAPL,148.3759,149.665,147.6345,148.9235,148.9135,148.9336,2908
2025-11-03 07:35:03,AAPL,148.9235,149.7512,148.0048,148.8325,148.8275,148.8375,1836
2025-11-03 07:36:03,AAPL,148.8325,149.9905,148.6975,149.8555,149.851,149.8601,2917
2025-11-03 07:37:03,AAPL,149.8555,151.1416,148.8115,150.0976,150.0935,150.1017,1848
2025-11-03 07:38:03,AAPL,150.0976,150.7864,149.0951,149.7838,149.7793,149.7884,363
2025-11-03 07:39:03,AAPL,149.7838,150.9617,148.2129,149.3908,149.3824,149.3992,787
2025-11-03 07:40:03,AAPL,149.3908,150.3208,148.6486,149.5786,149.5781,149.5791,502
2025-11-03 07:41:03,AAPL,149.5786,150.2842,148.7969,149.5025,149.4937,149.5114,4148
2025-11-03 07:42:03,AAPL,149.5025,150.514,148.7657,149.7771,149.7757,149.7786,331
2025-11-03 07:43:03,AAPL,149.7771,150.1304,149.6086,149.9619,149.9576,149.9663,2680
2025-11-03 07:44:03,AAPL,149.9619,150.3745,149.5296,149.9421,149.9382,149.946,2678
2025-11-03 07:45:03,AAPL,149.9421,150.6684,148.9062,149.6325,149.626,149.639,6833
2025-11-03 07:46:03,AAPL,149.6325,149.7115,148.9953,149.0744,149.0733,149.0754,728
2025-11-03 07:47:03,AAPL,149.0744,150.0749,147.915,148.9155,148.9093,148.9216,2235
2025-11-03 07:48:03,AAPL,148.9155,149.6931,148.4645,149.2421,149.2321,149.2522,10739
2025-11-03 07:49:03,AAPL,149.2421,149.5693,149.0023,149.3295,149.3279,149.3311,591
2025-11-03 07:50:03,AAPL,149.3295,150.5242,147.6778,148.8726,148.8671,148.8781,236
2025-11-03 07:51:03,AAPL,148.8726,149.2749,148.5422,148.9445,148.9412,148.9478,167
2025-11-03 07:52:03,AAPL,148.9445,149.1102,148.9298,149.0955,149.0894,149.1016,2236
2025-11-03 07:53:03,AAPL,149.0955,149.5099,148.3595,148.7739,148.7688,148.7789,166
2025-11-03 07:54:03,AAPL,148.7739,149.0064,148.6059,148.8385,148.8351,148.8419,755
2025-11-03 07:55:03,AAPL,148.8385,149.8907,147.8154,148.8676,148.8614,148.8738,1698
2025-11-03 07:56:03,AAPL,148.8676,148.9615,148.3563,148.4502,148.4407,148.4597,1319
2025-11-03 07:57:03,AAPL,148.4502,148.9126,148.1282,148.5905,148.586,148.595,1678
2025-11-03 07:58:03,AAPL,148.5905,148.8981,148.4988,148.8064,148.7996,148.8132,1369
2025-11-03 07:59:03,AAPL,148.8064,149.6248,148.3989,149.2173,149.2156,149.2191,3939
2025-11-03 08:00:03,AAPL,149.2173,149.6551,149.1807,149.6184,149.6158,149.6211,423
2025-11-03 08:01:03,AAPL,149.6184,149.6489,149.081,149.1115,149.1053,149.1177,557
2025-11-03 08:02:03,AAPL,149.1115,149.638,148.2432,148.7697,148.761,148.7784,506
2025-11-03 08:03:03,AAPL,148.7697,149.466,148.2725,148.9689,148.963,148.9747,2515
2025-11-03 08:04:03,AAPL,148.9689,150.2197,147.9169,149.1678,149.1636,149.172,2698
2025-11-03 08:05:03,AAPL,149.1678,150.6796,147.8556,149.3674,149.3624,149.3724,1721
2025-11-03 08:06:03,AAPL,149.3674,151.7535,148.4345,150.8206,150.8187,150.8225,3581
2025-11-03 08:07:03,AAPL,150.8206,151.5633,150.3009,151.0436,151.0371,151.0501,337
2025-11-03 08:08:03,AAPL,151.0436,152.0194,150.5048,151.4806,151.4734,151.4878,5809
2025-11-03 08:09:03,AAPL,151.4806,152.5211,150.8094,151.8499,151.846,151.8537,5030
2025-11-03 08:10:03,AAPL,151.8499,152.3262,151.6286,152.105,152.1011,152.1088,2288
2025-11-03 08:11:03,AAPL,152.105,153.0408,151.0569,151.9927,151.987,151.9984,6514
2025-11-03 08:12:03,AAPL,151.9927,152.7941,151.4876,152.289,152.2851,152.2929,209
2025-11-03 08:13:03,AAPL,152.289,152.4982,151.7934,152.0026,151.9978,152.0075,649
2025-11-03 08:14:03,AAPL,152.0026,152.6292,151.2938,151.9203,151.91,151.9305,525
2025-11-03 08:15:03,AAPL,151.9203,153.5291,150.1348,151.7436,151.7393,151.748,2256
2025-11-03 08:16:03,AAPL,151.7436,152.673,150.8529,151.7823,151.7782,151.7864,383
2025-11-03 08:17:03,AAPL,151.7823,152.9031,151.5499,152.6708,152.6674,152.6742,2339
2025-11-03 08:18:03,AAPL,152.6708,153.1461,151.492,151.9673,151.9605,151.9742,4317
2025-11-03 08:19:03,AAPL,151.9673,152.5463,151.657,152.2359,152.2314,152.2405,2197
2025-11-03 08:20:03,AAPL,152.2359,152.3749,151.492,151.6309,151.6276,151.6343,1456
2025-11-03 08:21:03,AAPL,151.6309,151.7283,151.3624,151.4597,151.4514,151.468,408
2025-11-03 08:22:03,AAPL,151.4597,151.9131,151.4269,151.8802,151.8717,151.8888,470
2025-11-03 08:23:03,AAPL,151.8802,152.0225,151.77,151.9122,151.9087,151.9157,3826
2025-11-03 08:24:03,AAPL,151.9122,152.6351,150.7881,151.511,151.5107,151.5114,2390
2025-11-03 08:25:03,AAPL,151.511,153.1689,149.59,151.2479,151.2404,151.2554,1054
2025-11-03 08:26:03,AAPL,151.2479,151.9308,150.8298,151.5127,151.5094,151.5159,722
2025-11-03 08:27:03,AAPL,151.5127,152.54,150.2165,151.2438,151.2368,151.2508,144
2025-11-03 08:28:03,AAPL,151.2438,151.3995,151.1776,151.3333,151.3332,151.3333,375
2025-11-03 08:29:03,AAPL,151.3333,153.2928,149.3985,151.3581,151.3508,151.3653,7416
2025-11-03 08:30:03,AAPL,151.3581,151.9608,150.5165,151.1193,151.1173,151.1212,304
2025-11-03 08:31:03,AAPL,151.1193,153.1683,149.8899,151.939,151.9322,151.9458,1325
2025-11-03 08:32:03,AAPL,151.939,153.4459,150.6807,152.1876,152.1826,152.1926,3003
2025-11-03 08:33:03,AAPL,152.1876,152.6028,151.0114,151.4266,151.424,151.4292,312
2025-11-03 08:34:03,AAPL,151.4266,151.9315,150.9999,151.5048,151.5008,151.5088,1319
2025-11-03 08:35:03,AAPL,151.5048,152.7261,150.0406,151.2619,151.2552,151.2686,2801
2025-11-03 08:36:03,AAPL,151.2619,151.8765,150.9776,151.5922,151.5869,151.5974,1110
2025-11-03 08:37:03,AAPL,151.5922,151.7449,151.147,151.2997,151.2932,151.3061,19310
2025-11-03 08:38:03,AAPL,151.2997,151.7359,150.8276,151.2639,151.2539,151.2738,206
2025-11-03 08:39:03,AAPL,151.2639,152.2236,150.5028,151.4625,151.4614,151.4636,3161
2025-11-03 08:40:03,AAPL,151.4625,152.2852,150.9756,151.7983,151.7892,151.8073,922
2025-11-03 08:41:03,AAPL,151.7983,152.7162,150.4331,151.351,151.3458,151.3563,2373
2025-11-03 08:42:03,AAPL,151.351,151.3766,151.2065,151.2321,151.2293,151.2348,1704
2025-11-03 08:43:03,AAPL,151.2321,151.8096,150.4827,151.0602,151.0585,151.0618,526
2025-11-03 08:44:03,AAPL,151.0602,151.2355,150.6458,150.8212,150.8167,150.8257,1378
2025-11-03 08:45:03,AAPL,150.8212,152.6628,149.6543,151.4959,151.4886,151.5032,171
2025-11-03 08:46:03,AAPL,151.4959,151.9051,151.2477,151.6569,151.6523,151.6616,2004
2025-11-03 08:47:03,AAPL,151.6569,152.2821,150.562,151.1872,151.1784,151.196,1477
2025-11-03 08:48:03,AAPL,151.1872,153.0374,149.6919,151.5421,151.5407,151.5435,2076
2025-11-03 08:49:03,AAPL,151.5421,152.6364,151.2615,152.3558,152.3509,152.3608,3159
2025-11-03 08:50:03,AAPL,152.3558,153.678,151.4351,152.7572,152.7554,152.7591,1583
2025-11-03 08:51:03,AAPL,152.7572,153.6645,151.2785,152.1857,152.1798,152.1916,1271
2025-11-03 08:52:03,AAPL,152.1857,153.4401,150.7548,152.0092,152.002,152.0164,454
2025-11-03 08:53:03,AAPL,152.0092,152.8133,151.6949,152.499,152.4951,152.503,537
2025-11-03 08:54:03,AAPL,152.499,153.0278,151.7083,152.2371,152.2356,152.2386,3592
2025-11-03 08:55:03,AAPL,152.2371,152.4555,152.1953,152.4137,152.4082,152.4192,4611
2025-11-03 08:56:03,AAPL,152.4137,153.1355,151.995,152.7168,152.7107,152.7229,864
2025-11-03 08:57:03,AAPL,152.7168,152.7738,152.3139,152.3709,152.3649,152.3769,1148
2025-11-03 08:58:03,AAPL,152.3709,152.775,151.9518,152.3559,152.3478,152.364,443
2025-11-03 08:59:03,AAPL,152.3559,153.0464,150.4433,151.1339,151.1315,151.1362,3543
2025-11-03 09:00:03,AAPL,151.1339,151.2609,150.6278,150.7548,150.7481,150.7615,2133
2025-11-03 09:01:03,AAPL,150.7548,151.8151,149.6069,150.6672,150.6592,150.6752,7640
2025-11-03 09:02:03,AAPL,150.6672,150.7506,150.122,150.2055,150.2049,150.206,455
2025-11-03 09:03:03,AAPL,150.2055,151.5052,149.5275,150.8272,150.8214,150.833,751
2025-11-03 09:04:03,AAPL,150.8272,151.3789,149.7448,150.2965,150.2927,150.3002,1382
2025-11-03 09:05:03,AAPL,150.2965,151.2235,149.2116,150.1387,150.1339,150.1435,2093
2025-11-03 09:06:03,AAPL,150.1387,151.0138,149.3202,150.1953,150.1894,150.2012,883
2025-11-03 09:07:03,AAPL,150.1953,151.2019,149.7384,150.745,150.7412,150.7488,458
2025-11-03 09:08:03,AAPL,150.745,151.5642,149.3931,150.2124,150.209,150.2157,2647
2025-11-03 09:09:03,AAPL,150.2124,150.8946,149.975,150.6573,150.6522,150.6624,2255
2025-11-03 09:10:03,AAPL,150.6573,151.5785,149.7475,150.6687,150.6664,150.671,438
2025-11-03 09:11:03,AAPL,150.6687,150.775,150.2007,150.307,150.3047,150.3093,4253
2025-11-03 09:12:03,AAPL,150.307,152.2277,148.5675,150.4882,150.4815,150.4949,3534
2025-11-03 09:13:03,AAPL,150.4882,150.8657,150.1933,150.5707,150.5686,150.5728,1254
2025-11-03 09:14:03,AAPL,150.5707,150.7147,150.2084,150.3524,150.3458,150.3591,1187
2025-11-03 09:15:03,AAPL,150.3524,150.618,150.1206,150.3862,150.38,150.3923,1908
2025-11-03 09:16:03,AAPL,150.3862,150.4863,150.1488,150.2489,150.2482,150.2496,463
2025-11-03 09:17:03,AAPL,150.2489,150.4134,150.1346,150.2991,150.2958,150.3024,1130
2025-11-03 09:18:03,AAPL,150.2991,151.0867,149.768,150.5556,150.5476,150.5636,127
2025-11-03 09:19:03,AAPL,150.5556,151.8788,149.8381,151.1613,151.1588,151.1638,2634
2025-11-03 09:20:03,AAPL,151.1613,151.7508,150.1123,150.7018,150.6979,150.7056,230
2025-11-03 09:21:03,AAPL,150.7018,152.5136,149.7034,151.5151,151.509,151.5213,4931
2025-11-03 09:22:03,AAPL,151.5151,152.8923,149.4079,150.785,150.7781,150.792,788
2025-11-03 09:23:03,AAPL,150.785,151.166,150.3544,150.7354,150.731,150.7397,887
2025-11-03 09:24:03,AAPL,150.7354,151.7923,149.9079,150.9648,150.9613,150.9683,585
2025-11-03 09:25:03,AAPL,150.9648,152.6931,149.3501,151.0784,151.0699,151.087,822
2025-11-03 09:26:03,AAPL,151.0784,151.3699,150.5595,150.851,150.8416,150.8603,4530
2025-11-03 09:27:03,AAPL,150.851,152.7207,148.9103,150.78,150.7726,150.7875,91
2025-11-03 09:28:03,AAPL,150.78,150.7846,150.5973,150.6018,150.5966,150.6071,3932
2025-11-03 09:29:03,AAPL,150.6018,151.2307,149.7588,150.3876,150.3846,150.3906,1537
2025-11-03 09:30:03,AAPL,150.3876,150.7763,150.3263,150.7149,150.712,150.7178,327
2025-11-03 09:31:03,AAPL,150.7149,150.9312,150.6408,150.857,150.8507,150.8634,374
2025-11-03 09:32:03,AAPL,150.857,151.5464,149.9142,150.6035,150.5974,150.6095,5862
2025-11-03 09:33:03,AAPL,150.6035,151.1678,150.3858,150.9501,150.9416,150.9586,426
2025-11-03 09:34:03,AAPL,150.9501,151.2742,150.7496,151.0737,151.0671,151.0803,346
2025-11-03 09:35:03,AAPL,151.0737,151.6298,150.8324,151.3886,151.3873,151.3898,3419
2025-11-03 09:36:03,AAPL,151.3886,152.1357,150.8875,151.6346,151.627,151.6423,1538
2025-11-03 09:37:03,AAPL,151.6346,152.3787,150.5842,151.3283,151.3258,151.3308,429
2025-11-03 09:38:03,AAPL,151.3283,151.4595,150.9928,151.124,151.12,151.1281,1361
2025-11-03 09:39:03,AAPL,151.124,151.981,150.5572,151.4142,151.4086,151.4198,393
2025-11-03 09:40:03,AAPL,151.4142,152.0554,151.0118,151.653,151.643,151.663,3297
2025-11-03 09:41:03,AAPL,151.653,152.3269,150.9788,151.6527,151.6399,151.6654,3169
2025-11-03 09:42:03,AAPL,151.6527,151.7259,151.6315,151.7047,151.6982,151.7113,1866
2025-11-03 09:43:03,AAPL,151.7047,152.2045,151.6979,152.1977,152.1932,152.2022,1574
2025-11-03 09:44:03,AAPL,152.1977,153.0121,151.166,151.9804,151.974,151.9867,6381
2025-11-03 09:45:03,AAPL,151.9804,152.552,151.6244,152.196,152.1888,152.2032,1096
2025-11-03 09:46:03,AAPL,152.196,152.2148,152.1079,152.1267,152.1225,152.1309,336
2025-11-03 09:47:03,AAPL,152.1267,152.74,151.4382,152.0515,152.042,152.061,1718
2025-11-03 09:48:03,AAPL,152.0515,153.5201,151.0089,152.4774,152.4718,152.483,8831
2025-11-03 09:49:03,AAPL,152.4774,153.2184,152.059,152.8,152.7938,152.8063,397
2025-11-03 09:50:03,AAPL,152.8,153.1265,152.7922,153.1187,153.1121,153.1254,763
2025-11-03 09:51:03,AAPL,153.1187,154.6108,152.1349,153.627,153.6209,153.633,1663
2025-11-03 09:52:03,AAPL,153.627,154.4416,152.8281,153.6427,153.6356,153.6498,1039
2025-11-03 09:53:03,AAPL,153.6427,154.1415,153.4138,153.9126,153.9091,153.916,410
2025-11-03 09:54:03,AAPL,153.9126,154.3697,153.3438,153.8009,153.7973,153.8045,3367
2025-11-03 09:55:03,AAPL,153.8009,154.0736,153.6607,153.9333,153.9311,153.9356,11159
2025-11-03 09:56:03,AAPL,153.9333,153.9758,153.8485,153.8909,153.8848,153.897,1334
2025-11-03 09:57:03,AAPL,153.8909,154.3332,153.4937,153.936,153.929,153.9429,444
2025-11-03 09:58:03,AAPL,153.936,154.2258,153.8831,154.1729,154.1667,154.179,233
2025-11-03 09:59:03,AAPL,154.1729,154.5378,153.5007,153.8655,153.8563,153.8747,1419
2025-11-03 10:00:03,AAPL,153.8655,154.7286,153.8172,154.6802,154.6752,154.6852,3307
2025-11-03 10:01:03,AAPL,154.6802,156.1618,152.8178,154.2994,154.2927,154.3061,1763
2025-11-03 10:02:03,AAPL,154.2994,155.0039,153.1349,153.8394,153.8372,153.8417,1094
2025-11-03 10:03:03,AAPL,153.8394,154.4013,153.7314,154.2932,154.2892,154.2972,608
2025-11-03 10:04:03,AAPL,154.2932,155.5139,153.3859,154.6066,154.5999,154.6134,367
2025-11-03 10:05:03,AAPL,154.6066,155.3057,154.1567,154.8558,154.8487,154.8629,2526
2025-11-03 10:06:03,AAPL,154.8558,156.255,153.7077,155.107,155.1027,155.1112,2734
2025-11-03 10:07:03,AAPL,155.107,156.0241,154.1929,155.11,155.1052,155.1148,233
2025-11-03 10:08:03,AAPL,155.11,155.2701,154.6101,154.7702,154.769,154.7714,5376
2025-11-03 10:09:03,AAPL,154.7702,155.9253,153.6521,154.8073,154.8031,154.8114,1947
2025-11-03 10:10:03,AAPL,154.8073,154.9188,154.4416,154.5531,154.5459,154.5604,4445
2025-11-03 10:11:03,AAPL,154.5531,155.1909,154.3003,154.9381,154.9317,154.9445,286
2025-11-03 10:12:03,AAPL,154.9381,155.3982,154.4288,154.8889,154.8826,154.8952,279
2025-11-03 10:13:03,AAPL,154.8889,155.1158,154.3505,154.5773,154.5722,154.5824,944
2025-11-03 10:14:03,AAPL,154.5773,154.8684,154.1697,154.4609,154.4559,154.4659,1813
2025-11-03 10:15:03,AAPL,154.4609,154.756,154.3331,154.6281,154.6248,154.6315,6610
2025-11-03 10:16:03,AAPL,154.6281,154.7486,154.2977,154.4181,154.4114,154.4249,2221
2025-11-03 10:17:03,AAPL,154.4181,154.4204,154.1064,154.1087,154.1027,154.1148,860
2025-11-03 10:18:03,AAPL,154.1087,154.5381,153.781,154.2103,154.2041,154.2166,392
2025-11-03 10:19:03,AAPL,154.2103,155.2055,153.3174,154.3125,154.3088,154.3162,3751
2025-11-03 10:20:03,AAPL,154.3125,155.0247,153.4126,154.1248,154.1244,154.1252,417
2025-11-03 10:21:03,AAPL,154.1248,155.2385,152.8374,153.9511,153.9434,153.9588,5588
2025-11-03 10:22:03,AAPL,153.9511,155.9636,152.0357,154.0481,154.0443,154.0519,825
2025-11-03 10:23:03,AAPL,154.0481,154.7489,152.7984,153.4991,153.4963,153.502,5380
2025-11-03 10:24:03,AAPL,153.4991,154.5243,151.9425,152.9676,152.9609,152.9744,2162
2025-11-03 10:25:03,AAPL,152.9676,153.1362,152.5322,152.7008,152.6967,152.7048,956
2025-11-03 10:26:03,AAPL,152.7008,153.5783,151.7493,152.6269,152.6193,152.6346,652
2025-11-03 10:27:03,AAPL,152.6269,154.1047,151.2754,152.7532,152.7467,152.7598,779
2025-11-03 10:28:03,AAPL,152.7532,153.7315,152.3471,153.3254,153.3187,153.3321,1682
2025-11-03 10:29:03,AAPL,153.3254,154.2315,152.756,153.6621,153.6606,153.6637,1184
2025-11-03 10:30:03,AAPL,153.6621,154.0945,153.176,153.6084,153.6004,153.6164,605
2025-11-03 10:31:03,AAPL,153.6084,155.5521,151.6651,153.6088,153.6031,153.6144,929
2025-11-03 10:32:03,AAPL,153.6088,154.0185,152.8222,153.2319,153.2279,153.236,1186
2025-11-03 10:33:03,AAPL,153.2319,153.5264,152.9381,153.2325,153.2271,153.2379,130
2025-11-03 10:34:03,AAPL,153.2325,154.3417,152.0204,153.1296,153.1291,153.1302,1733
2025-11-03 10:35:03,AAPL,153.1296,153.3984,152.9921,153.2609,153.2548,153.2669,411
2025-11-03 10:36:03,AAPL,153.2609,153.2724,152.9404,152.9519,152.9495,152.9543,346
2025-11-03 10:37:03,AAPL,152.9519,153.5927,152.5174,153.1583,153.1566,153.1599,202
2025-11-03 10:38:03,AAPL,153.1583,153.8436,153.0686,153.754,153.7528,153.7552,182
2025-11-03 10:39:03,AAPL,153.754,154.4838,152.99,153.7198,153.7121,153.7276,282
2025-11-03 10:40:03,AAPL,153.7198,154.7794,152.8224,153.882,153.8786,153.8854,539
2025-11-03 10:41:03,AAPL,153.882,154.2743,153.7631,154.1554,154.1466,154.1643,7733
2025-11-03 10:42:03,AAPL,154.1554,154.1759,153.9881,154.0086,154.0049,154.0122,648
2025-11-03 10:43:03,AAPL,154.0086,154.8025,153.3086,154.1026,154.1019,154.1033,1309
2025-11-03 10:44:03,AAPL,154.1026,154.4476,153.7701,154.1151,154.1129,154.1174,1636
2025-11-03 10:45:03,AAPL,154.1151,154.8241,153.4515,154.1605,154.1524,154.1686,1250
2025-11-03 10:46:03,AAPL,154.1605,154.2902,153.7408,153.8706,153.8659,153.8752,1014
2025-11-03 10:47:03,AAPL,153.8706,155.1715,152.5868,153.8877,153.8841,153.8913,331
2025-11-03 10:48:03,AAPL,153.8877,155.116,152.8588,154.0871,154.0817,154.0925,4679
2025-11-03 10:49:03,AAPL,154.0871,155.865,152.8769,154.6548,154.6486,154.6611,6682
2025-11-03 10:50:03,AAPL,154.6548,156.1373,153.5515,155.0339,155.0261,155.0417,203
2025-11-03 10:51:03,AAPL,155.0339,156.0355,154.8769,155.8785,155.8699,155.8871,393
2025-11-03 10:52:03,AAPL,155.8785,156.3803,155.0857,155.5876,155.5835,155.5917,828
2025-11-03 10:53:03,AAPL,155.5876,156.715,154.8076,155.935,155.9333,155.9367,417
2025-11-03 10:54:03,AAPL,155.935,156.4685,155.4808,156.0143,156.0103,156.0183,1818
2025-11-03 10:55:03,AAPL,156.0143,158.2481,154.6448,156.8786,156.873,156.8843,529
2025-11-03 10:56:03,AAPL,156.8786,157.387,156.0613,156.5697,156.5671,156.5723,9557
2025-11-03 10:57:03,AAPL,156.5697,156.9357,155.8833,156.2492,156.2466,156.2518,3606
2025-11-03 10:58:03,AAPL,156.2492,157.8672,154.4051,156.023,156.0172,156.0289,1356
2025-11-03 10:59:03,AAPL,156.023,156.4773,154.7503,155.2046,155.1997,155.2094,3062
2025-11-03 11:00:03,AAPL,155.2046,155.7611,154.4519,155.0084,155.0034,155.0135,3313
2025-11-03 11:01:03,AAPL,155.0084,155.2329,154.4978,154.7223,154.7192,154.7254,623
2025-11-03 11:02:03,AAPL,154.7223,155.7645,153.746,154.7882,154.7838,154.7926,484
2025-11-03 11:03:03,AAPL,154.7882,156.0994,153.6171,154.9283,154.9256,154.9309,1185
2025-11-03 11:04:03,AAPL,154.9283,155.6884,154.9043,155.6644,155.6572,155.6717,2595
2025-11-03 11:05:03,AAPL,155.6644,156.6076,155.0994,156.0425,156.0349,156.0501,1260
2025-11-03 11:06:03,AAPL,156.0425,156.3875,155.4805,155.8254,155.8251,155.8258,226
2025-11-03 11:07:03,AAPL,155.8254,156.3337,154.9753,155.4836,155.4809,155.4863,491
2025-11-03 11:08:03,AAPL,155.4836,157.1928,153.9736,155.6827,155.6815,155.684,1018
2025-11-03 11:09:03,AAPL,155.6827,155.7851,155.0751,155.1775,155.1741,155.1809,1016
2025-11-03 11:10:03,AAPL,155.1775,156.1714,154.9035,155.8974,155.8926,155.9022,7883
2025-11-03 11:11:03,AAPL,155.8974,156.5041,155.7589,156.3656,156.3642,156.367,274
2025-11-03 11:12:03,AAPL,156.3656,157.3759,155.1798,156.1901,156.1874,156.1928,1818
2025-11-03 11:13:03,AAPL,156.1901,156.9188,154.8017,155.5304,155.5279,155.5329,4861
2025-11-03 11:14:03,AAPL,155.5304,156.9658,154.6301,156.0655,156.06,156.071,10630
2025-11-03 11:15:03,AAPL,156.0655,156.5582,155.5359,156.0286,156.0234,156.0338,731
2025-11-03 11:16:03,AAPL,156.0286,157.3052,155.2434,156.52,156.5168,156.5232,1792
2025-11-03 11:17:03,AAPL,156.52,156.9225,155.5027,155.9052,155.8997,155.9106,1938
2025-11-03 11:18:03,AAPL,155.9052,156.7944,154.7902,155.6795,155.6759,155.6831,1333
2025-11-03 11:19:03,AAPL,155.6795,156.2285,155.1403,155.6893,155.685,155.6936,993
2025-11-03 11:20:03,AAPL,155.6893,156.4624,154.9423,155.7154,155.7062,155.7246,1695
2025-11-03 11:21:03,AAPL,155.7154,156.283,154.9805,155.5481,155.5397,155.5564,87
2025-11-03 11:22:03,AAPL,155.5481,156.8646,154.4817,155.7983,155.7965,155.8,2169
2025-11-03 11:23:03,AAPL,155.7983,156.9243,154.2647,155.3907,155.3837,155.3978,1244
2025-11-03 11:24:03,AAPL,155.3907,155.6328,155.1012,155.3432,155.3362,155.3502,877
2025-11-03 11:25:03,AAPL,155.3432,155.5858,155.1551,155.3977,155.3956,155.3998,8491
2025-11-03 11:26:03,AAPL,155.3977,156.6016,154.4016,155.6055,155.5984,155.6125,558
2025-11-03 11:27:03,AAPL,155.6055,156.3075,155.1883,155.8903,155.8815,155.8992,732
2025-11-03 11:28:03,AAPL,155.8903,156.2323,155.1185,155.4604,155.4582,155.4626,8034
2025-11-03 11:29:03,AAPL,155.4604,157.0842,153.2493,154.8731,154.8704,154.8758,477
2025-11-03 11:30:03,AAPL,154.8731,155.859,154.3904,155.3763,155.3688,155.3839,632
2025-11-03 11:31:03,AAPL,155.3763,156.2091,154.6804,155.5132,155.5076,155.5189,946
2025-11-03 11:32:03,AAPL,155.5132,155.556,155.1875,155.2303,155.2239,155.2367,2542
2025-11-03 11:33:03,AAPL,155.2303,156.0426,155.0288,155.8412,155.8353,155.8471,1349
2025-11-03 11:34:03,AAPL,155.8412,157.0404,154.6948,155.8941,155.8881,155.9,301
2025-11-03 11:35:03,AAPL,155.8941,156.7431,155.5132,156.3622,156.3605,156.3639,644
2025-11-03 11:36:03,AAPL,156.3622,156.8001,155.9585,156.3964,156.3888,156.404,597
2025-11-03 11:37:03,AAPL,156.3964,158.0164,155.592,157.2121,157.2041,157.22,1015
2025-11-03 11:38:03,AAPL,157.2121,158.1851,156.9384,157.9114,157.907,157.9158,1678
2025-11-03 11:39:03,AAPL,157.9114,158.5408,157.1916,157.821,157.8161,157.8259,1666
2025-11-03 11:40:03,AAPL,157.821,158.9963,157.0374,158.2127,158.2116,158.2139,185
2025-11-03 11:41:03,AAPL,158.2127,159.9509,156.738,158.4761,158.4698,158.4824,3177
2025-11-03 11:42:03,AAPL,158.4761,160.5694,156.934,159.0272,159.0208,159.0337,1411
2025-11-03 11:43:03,AAPL,159.0272,159.8546,157.8246,158.652,158.6472,158.6569,4378
2025-11-03 11:44:03,AAPL,158.652,159.0982,158.4861,158.9323,158.9245,158.9401,1709
2025-11-03 11:45:03,AAPL,158.9323,159.569,158.7247,159.3614,159.3572,159.3655,3298
2025-11-03 11:46:03,AAPL,159.3614,159.5919,158.4396,158.6702,158.6637,158.6766,1748
2025-11-03 11:47:03,AAPL,158.6702,159.282,157.5976,158.2094,158.2069,158.2118,4214
2025-11-03 11:48:03,AAPL,158.2094,158.8547,156.7674,157.4127,157.4078,157.4177,1848
2025-11-03 11:49:03,AAPL,157.4127,157.8501,156.8773,157.3146,157.3101,157.3192,994
2025-11-03 11:50:03,AAPL,157.3146,157.7303,157.1893,157.605,157.5994,157.6105,10640
2025-11-03 11:51:03,AAPL,157.605,158.4179,157.393,158.2059,158.2019,158.21,2667
2025-11-03 11:52:03,AAPL,158.2059,158.4297,158.0194,158.2432,158.2385,158.2478,1946
2025-11-03 11:53:03,AAPL,158.2432,160.1022,157.0376,158.8967,158.8896,158.9038,306
2025-11-03 11:54:03,AAPL,158.8967,159.2649,157.9891,158.3573,158.3534,158.3612,302
2025-11-03 11:55:03,AAPL,158.3573,158.9085,157.1411,157.6923,157.6913,157.6933,1469
2025-11-03 11:56:03,AAPL,157.6923,158.1895,157.1811,157.6783,157.6689,157.6877,1268
2025-11-03 11:57:03,AAPL,157.6783,158.7177,156.7982,157.8376,157.8292,157.8461,593
2025-11-03 11:58:03,AAPL,157.8376,157.9734,157.6969,157.8326,157.8309,157.8344,1262
2025-11-03 11:59:03,AAPL,157.8326,158.8053,156.0542,157.0268,157.0201,157.0335,5370
2025-11-03 12:00:03,AAPL,157.0268,157.3266,156.6999,156.9997,156.9959,157.0034,2198
2025-11-03 12:01:03,AAPL,156.9997,157.4882,156.0078,156.4963,156.4907,156.502,350
2025-11-03 12:02:03,AAPL,156.4963,157.1629,156.0999,156.7664,156.7607,156.7721,980
2025-11-03 12:03:03,AAPL,156.7664,157.3578,156.3266,156.918,156.9136,156.9224,490
2025-11-03 12:04:03,AAPL,156.918,157.8467,155.6288,156.5575,156.5545,156.5606,744
2025-11-03 12:05:03,AAPL,156.5575,156.5735,156.3484,156.3644,156.3611,156.3676,725
2025-11-03 12:06:03,AAPL,156.3644,156.596,155.727,155.9586,155.9559,155.9614,680
2025-11-03 12:07:03,AAPL,155.9586,157.2353,154.6653,155.942,155.9391,155.9449,312
2025-11-03 12:08:03,AAPL,155.942,156.5032,155.7614,156.3226,156.3178,156.3275,965
2025-11-03 12:09:03,AAPL,156.3226,158.2739,153.9944,155.9457,155.9425,155.9489,626
2025-11-03 12:10:03,AAPL,155.9457,156.5743,155.5215,156.1501,156.1434,156.1568,58
2025-11-03 12:11:03,AAPL,156.1501,157.4707,154.6305,155.9511,155.9423,155.9598,8543
2025-11-03 12:12:03,AAPL,155.9511,156.5161,155.085,155.65,155.6465,155.6536,3257
2025-11-03 12:13:03,AAPL,155.65,155.9359,155.3303,155.6162,155.6106,155.6218,752
2025-11-03 12:14:03,AAPL,155.6162,156.5835,154.2544,155.2217,155.2154,155.2279,1117
2025-11-03 12:15:03,AAPL,155.2217,155.7266,154.5099,155.0147,155.0086,155.0209,339
2025-11-03 12:16:03,AAPL,155.0147,155.1186,154.4551,154.5589,154.5538,154.5641,5977
2025-11-03 12:17:03,AAPL,154.5589,156.246,153.6407,155.3277,155.3209,155.3346,7312
2025-11-03 12:18:03,AAPL,155.3277,155.506,155.171,155.3492,155.343,155.3554,1282
2025-11-03 12:19:03,AAPL,155.3492,155.9871,154.4475,155.0854,155.0835,155.0873,3051
2025-11-03 12:20:03,AAPL,155.0854,155.6116,154.65,155.1762,155.169,155.1834,1306
2025-11-03 12:21:03,AAPL,155.1762,155.6176,154.6989,155.1404,155.1331,155.1476,288
2025-11-03 12:22:03,AAPL,155.1404,156.3928,153.81,155.0624,155.0593,155.0655,726
2025-11-03 12:23:03,AAPL,155.0624,155.6045,154.7664,155.3085,155.3034,155.3136,1251
2025-11-03 12:24:03,AAPL,155.3085,156.5076,154.4116,155.6107,155.6039,155.6174,696
2025-11-03 12:25:03,AAPL,155.6107,155.9441,155.0787,155.4122,155.4077,155.4167,881
2025-11-03 12:26:03,AAPL,155.4122,156.3097,154.2989,155.1964,155.1887,155.2041,1000
2025-11-03 12:27:03,AAPL,155.1964,155.6537,154.6401,155.0975,155.0865,155.1084,1011
2025-11-03 12:28:03,AAPL,155.0975,155.198,154.1147,154.2152,154.2121,154.2182,1155
2025-11-03 12:29:03,AAPL,154.2152,154.2262,153.6288,153.6398,153.6382,153.6413,379
2025-11-03 12:30:03,AAPL,153.6398,154.7621,153.0511,154.1734,154.1677,154.1792,535
2025-11-03 12:31:03,AAPL,154.1734,155.3027,153.6872,154.8165,154.8097,154.8233,303
2025-11-03 12:32:03,AAPL,154.8165,154.9072,154.6372,154.7279,154.7234,154.7323,2915
2025-11-03 12:33:03,AAPL,154.7279,155.2734,154.4132,154.9588,154.9502,154.9674,133
2025-11-03 12:34:03,AAPL,154.9588,155.7528,154.2932,155.0872,155.0855,155.0888,3475
2025-11-03 12:35:03,AAPL,155.0872,156.6214,154.7591,156.2933,156.2866,156.3001,4386
2025-11-03 12:36:03,AAPL,156.2933,157.281,155.7515,156.7392,156.7358,156.7427,810
2025-11-03 12:37:03,AAPL,156.7392,157.0189,156.4173,156.697,156.6877,156.7063,81
2025-11-03 12:38:03,AAPL,156.697,157.9922,155.0357,156.3309,156.3209,156.3409,764
2025-11-03 12:39:03,AAPL,156.3309,156.6306,155.4124,155.7121,155.709,155.7152,1028
2025-11-03 12:40:03,AAPL,155.7121,155.9676,155.5436,155.7991,155.7955,155.8027,399
2025-11-03 12:41:03,AAPL,155.7991,156.4986,154.8131,155.5126,155.5054,155.5197,655
2025-11-03 12:42:03,AAPL,155.5126,156.5763,153.9046,154.9684,154.9643,154.9724,5065
2025-11-03 12:43:03,AAPL,154.9684,156.289,153.4052,154.7258,154.7209,154.7307,2132
2025-11-03 12:44:03,AAPL,154.7258,155.87,153.1715,154.3157,154.3107,154.3208,435
2025-11-03 12:45:03,AAPL,154.3157,155.9227,153.3688,154.9757,154.9755,154.9759,221
2025-11-03 12:46:03,AAPL,154.9757,155.7393,154.5618,155.3254,155.3205,155.3304,790
2025-11-03 12:47:03,AAPL,155.3254,157.2488,153.4068,155.3301,155.3268,155.3334,885
2025-11-03 12:48:03,AAPL,155.3301,156.3369,154.9069,155.9137,155.9099,155.9174,1801
2025-11-03 12:49:03,AAPL,155.9137,156.09,155.7753,155.9516,155.943,155.9602,642
2025-11-03 12:50:03,AAPL,155.9516,157.1082,154.4674,155.624,155.6221,155.6258,1828
2025-11-03 12:51:03,AAPL,155.624,157.7301,154.1194,156.2255,156.2185,156.2325,7594
2025-11-03 12:52:03,AAPL,156.2255,157.9901,154.6794,156.4439,156.4396,156.4483,2478
2025-11-03 12:53:03,AAPL,156.4439,157.3502,155.1403,156.0466,156.0423,156.0509,1045
2025-11-03 12:54:03,AAPL,156.0466,156.8146,155.2121,155.9802,155.9732,155.9871,913
2025-11-03 12:55:03,AAPL,155.9802,156.4246,155.2025,155.6469,155.641,155.6527,767
2025-11-03 12:56:03,AAPL,155.6469,156.2306,154.5337,155.1175,155.1111,155.1239,3571
2025-11-03 12:57:03,AAPL,155.1175,155.8982,154.7041,155.4848,155.4774,155.4923,585
2025-11-03 12:58:03,AAPL,155.4848,156.8503,154.8712,156.2366,156.2325,156.2408,1147
2025-11-03 12:59:03,AAPL,156.2366,156.2392,155.6966,155.6991,155.6956,155.7026,1154
2025-11-03 13:00:03,AAPL,155.6991,156.0538,155.5715,155.9262,155.9239,155.9285,663
2025-11-03 13:01:03,AAPL,155.9262,156.2661,155.3406,155.6806,155.6776,155.6835,277
2025-11-03 13:02:03,AAPL,155.6806,156.2028,154.9766,155.4989,155.4865,155.5112,1514
2025-11-03 13:03:03,AAPL,155.4989,156.2153,154.56,155.2765,155.2684,155.2846,1031
2025-11-03 13:04:03,AAPL,155.2765,155.3428,154.8829,154.9492,154.9476,154.9508,1808
2025-11-03 13:05:03,AAPL,154.9492,156.0839,153.8411,154.9758,154.9741,154.9775,643
2025-11-03 13:06:03,AAPL,154.9758,155.832,153.8056,154.6619,154.6557,154.6681,3717
2025-11-03 13:07:03,AAPL,154.6619,154.9195,154.5166,154.7742,154.7679,154.7806,456
2025-11-03 13:08:03,AAPL,154.7742,155.3118,154.2249,154.7625,154.7562,154.7689,6075
2025-11-03 13:09:03,AAPL,154.7625,156.1624,153.2779,154.6778,154.6735,154.6822,191
2025-11-03 13:10:03,AAPL,154.6778,154.7399,154.273,154.335,154.3303,154.3397,1693
2025-11-03 13:11:03,AAPL,154.335,154.4263,154.029,154.1203,154.1145,154.1262,1764
2025-11-03 13:12:03,AAPL,154.1203,155.5545,152.9852,154.4194,154.4142,154.4246,494
2025-11-03 13:13:03,AAPL,154.4194,155.0937,153.9463,154.6206,154.6201,154.6212,1676
2025-11-03 13:14:03,AAPL,154.6206,155.3887,153.4828,154.2509,154.2465,154.2553,3942
2025-11-03 13:15:03,AAPL,154.2509,155.6875,152.8603,154.2969,154.2941,154.2998,119
2025-11-03 13:16:03,AAPL,154.2969,155.5106,153.3812,154.5948,154.5893,154.6002,1813
2025-11-03 13:17:03,AAPL,154.5948,155.0313,153.522,153.9586,153.9462,153.9711,90
2025-11-03 13:18:03,AAPL,153.9586,154.3455,153.7888,154.1756,154.1697,154.1815,417
2025-11-03 13:19:03,AAPL,154.1756,154.8952,153.2085,153.9281,153.9239,153.9323,5592
2025-11-03 13:20:03,AAPL,153.9281,154.4347,153.649,154.1556,154.1482,154.1629,612
2025-11-03 13:21:03,AAPL,154.1556,154.9721,153.0528,153.8694,153.8632,153.8756,339
2025-11-03 13:22:03,AAPL,153.8694,155.2828,151.7709,153.1843,153.1783,153.1904,899
2025-11-03 13:23:03,AAPL,153.1843,154.3417,151.4125,152.5699,152.5634,152.5764,8672
2025-11-03 13:24:03,AAPL,152.5699,152.9625,152.2033,152.5959,152.5857,152.606,175
2025-11-03 13:25:03,AAPL,152.5959,153.5423,151.7562,152.7026,152.7005,152.7048,383
2025-11-03 13:26:03,AAPL,152.7026,152.8083,152.2598,152.3654,152.3592,152.3716,4902
2025-11-03 13:27:03,AAPL,152.3654,153.9428,151.0391,152.6165,152.6138,152.6192,7028
2025-11-03 13:28:03,AAPL,152.6165,152.8589,151.7491,151.9915,151.9851,151.9979,988
2025-11-03 13:29:03,AAPL,151.9915,152.1022,151.8633,151.974,151.9713,151.9767,317
2025-11-03 13:30:03,AAPL,151.974,152.3235,151.1726,151.5221,151.5182,151.5261,8918
2025-11-03 13:31:03,AAPL,151.5221,152.7181,150.0869,151.283,151.2787,151.2872,5401
2025-11-03 13:32:03,AAPL,151.283,151.6937,150.8978,151.3085,151.301,151.3159,2162
2025-11-03 13:33:03,AAPL,151.3085,151.708,150.5914,150.9909,150.9836,150.9982,486
2025-11-03 13:34:03,AAPL,150.9909,151.8683,149.9759,150.8533,150.8515,150.8552,1044
2025-11-03 13:35:03,AAPL,150.8533,153.3951,148.6991,151.2409,151.2357,151.246,934
2025-11-03 13:36:03,AAPL,151.2409,151.2615,151.0098,151.0305,151.0272,151.0337,1526
2025-11-03 13:37:03,AAPL,151.0305,152.6831,149.7013,151.3539,151.3521,151.3558,4679
2025-11-03 13:38:03,AAPL,151.3539,152.5999,149.6886,150.9346,150.9301,150.939,2642
2025-11-03 13:39:03,AAPL,150.9346,151.485,150.5918,151.1422,151.138,151.1464,373
2025-11-03 13:40:03,AAPL,151.1422,152.1471,150.6905,151.6955,151.6844,151.7065,4343
2025-11-03 13:41:03,AAPL,151.6955,152.047,150.417,150.7686,150.7625,150.7746,1499
2025-11-03 13:42:03,AAPL,150.7686,151.5173,149.7272,150.476,150.4745,150.4776,2179
2025-11-03 13:43:03,AAPL,150.476,150.9271,150.2497,150.7008,150.6972,150.7044,4753
2025-11-03 13:44:03,AAPL,150.7008,151.2753,150.0573,150.6318,150.6243,150.6394,360
2025-11-03 13:45:03,AAPL,150.6318,151.6994,149.7116,150.7792,150.769,150.7894,1058
2025-11-03 13:46:03,AAPL,150.7792,150.8543,150.4841,150.5592,150.5582,150.5603,644
2025-11-03 13:47:03,AAPL,150.5592,150.7521,150.4065,150.5994,150.5991,150.5997,228
2025-11-03 13:48:03,AAPL,150.5994,151.2579,149.8898,150.5483,150.5386,150.558,1551
2025-11-03 13:49:03,AAPL,150.5483,151.6162,149.9281,150.996,150.99,151.002,13515
2025-11-03 13:50:03,AAPL,150.996,151.2695,150.8261,151.0996,151.0968,151.1025,174
2025-11-03 13:51:03,AAPL,151.0996,151.5103,150.8241,151.2348,151.2284,151.2411,1061
2025-11-03 13:52:03,AAPL,151.2348,151.92,150.4015,151.0867,151.0851,151.0883,2080
2025-11-03 13:53:03,AAPL,151.0867,151.6891,150.3078,150.9102,150.9052,150.9152,1240
2025-11-03 13:54:03,AAPL,150.9102,152.0297,149.6351,150.7546,150.7488,150.7604,979
2025-11-03 13:55:03,AAPL,150.7546,151.1142,150.5513,150.9109,150.9036,150.9182,299
2025-11-03 13:56:03,AAPL,150.9109,150.9269,150.7436,150.7597,150.7572,150.7621,1384
2025-11-03 13:57:03,AAPL,150.7597,151.4369,150.1993,150.8765,150.8713,150.8817,514
2025-11-03 13:58:03,AAPL,150.8765,153.4871,149.0583,151.6689,151.6662,151.6716,122
2025-11-03 13:59:03,AAPL,151.6689,152.6702,151.0059,152.0072,152.0015,152.0128,3621
2025-11-03 14:00:03,AAPL,152.0072,152.5598,151.3383,151.8909,151.8882,151.8937,2859
2025-11-03 14:01:03,AAPL,151.8909,152.5664,151.6799,152.3554,152.3514,152.3593,1154
2025-11-03 14:02:03,AAPL,152.3554,152.4056,152.1574,152.2076,152.2051,152.2101,1378
2025-11-03 14:03:03,AAPL,152.2076,152.5946,151.0547,151.4416,151.435,151.4482,3210
2025-11-03 14:04:03,AAPL,151.4416,152.6135,149.8961,151.068,151.0608,151.0751,1372
2025-11-03 14:05:03,AAPL,151.068,151.4648,149.9738,150.3706,150.3662,150.375,2708
2025-11-03 14:06:03,AAPL,150.3706,150.9663,149.6503,150.246,150.2409,150.2511,814
2025-11-03 14:07:03,AAPL,150.246,151.2012,149.3053,150.2605,150.2591,150.2619,4072
2025-11-03 14:08:03,AAPL,150.2605,151.1193,150.0403,150.8991,150.8948,150.9033,1511
2025-11-03 14:09:03,AAPL,150.8991,152.0475,149.8817,151.03,151.0252,151.0349,1331
2025-11-03 14:10:03,AAPL,151.03,151.3799,150.6051,150.9549,150.9433,150.9664,307
2025-11-03 14:11:03,AAPL,150.9549,151.3025,150.9281,151.2758,151.2735,151.278,1461
2025-11-03 14:12:03,AAPL,151.2758,152.4871,149.238,150.4494,150.4407,150.458,477
2025-11-03 14:13:03,AAPL,150.4494,151.4191,149.5758,150.5455,150.5381,150.553,579
2025-11-03 14:14:03,AAPL,150.5455,151.3944,149.9946,150.8435,150.8378,150.8492,485
2025-11-03 14:15:03,AAPL,150.8435,151.4512,149.6868,150.2944,150.2851,150.3038,377
2025-11-03 14:16:03,AAPL,150.2944,150.8828,150.144,150.7323,150.7264,150.7383,9179
2025-11-03 14:17:03,AAPL,150.7323,151.729,149.8709,150.8675,150.8615,150.8735,4151
2025-11-03 14:18:03,AAPL,150.8675,151.6294,149.9566,150.7185,150.7136,150.7234,7482
2025-11-03 14:19:03,AAPL,150.7185,151.0109,150.6722,150.9647,150.9566,150.9727,322
2025-11-03 14:20:03,AAPL,150.9647,152.1533,150.643,151.8317,151.8239,151.8394,1177
2025-11-03 14:21:03,AAPL,151.8317,152.4281,151.3118,151.9083,151.9049,151.9117,300
2025-11-03 14:22:03,AAPL,151.9083,152.1425,151.776,152.0102,152.0085,152.0119,546
2025-11-03 14:23:03,AAPL,152.0102,152.2855,151.5681,151.8433,151.8388,151.8478,437
2025-11-03 14:24:03,AAPL,151.8433,152.464,150.9079,151.5286,151.5256,151.5316,3787
2025-11-03 14:25:03,AAPL,151.5286,151.9157,151.464,151.8511,151.8463,151.8559,737
2025-11-03 14:26:03,AAPL,151.8511,152.6552,150.7299,151.534,151.5259,151.5421,3191
2025-11-03 14:27:03,AAPL,151.534,153.7597,149.343,151.5687,151.5649,151.5726,2006
2025-11-03 14:28:03,AAPL,151.5687,151.8962,151.068,151.3954,151.3905,151.4003,10977
2025-11-03 14:29:03,AAPL,151.3954,152.2623,150.7175,151.5844,151.5792,151.5895,249
2025-11-03 14:30:03,AAPL,151.5844,153.4907,149.8122,151.7185,151.7114,151.7256,3863
2025-11-03 14:31:03,AAPL,151.7185,152.8774,150.9612,152.1201,152.1195,152.1207,3451
2025-11-03 14:32:03,AAPL,152.1201,152.5845,151.4695,151.9339,151.9304,151.9374,414
2025-11-03 14:33:03,AAPL,151.9339,153.477,150.2959,151.839,151.8335,151.8445,3002
2025-11-03 14:34:03,AAPL,151.839,151.8546,151.4599,151.4755,151.4675,151.4835,1534
2025-11-03 14:35:03,AAPL,151.4755,152.0215,150.7689,151.3149,151.3111,151.3187,873
2025-11-03 14:36:03,AAPL,151.3149,151.6024,151.1777,151.4653,151.465,151.4656,481
2025-11-03 14:37:03,AAPL,151.4653,152.7909,150.4341,151.7598,151.7532,151.7663,534
2025-11-03 14:38:03,AAPL,151.7598,152.2443,150.9334,151.4179,151.4145,151.4213,8516
2025-11-03 14:39:03,AAPL,151.4179,152.3544,150.8185,151.755,151.753,151.757,1097
2025-11-03 14:40:03,AAPL,151.755,152.6399,151.393,152.2778,152.2744,152.2812,2397
2025-11-03 14:41:03,AAPL,152.2778,153.1579,151.5628,152.4429,152.4384,152.4474,497
2025-11-03 14:42:03,AAPL,152.4429,153.2595,152.3509,153.1675,153.164,153.171,502
2025-11-03 14:43:03,AAPL,153.1675,154.386,151.6606,152.8791,152.8786,152.8797,3235
2025-11-03 14:44:03,AAPL,152.8791,153.1214,152.1695,152.4118,152.4046,152.419,284
2025-11-03 14:45:03,AAPL,152.4118,152.6011,151.5539,151.7431,151.735,151.7513,723
2025-11-03 14:46:03,AAPL,151.7431,152.5382,151.5243,152.3194,152.3127,152.326,1134
2025-11-03 14:47:03,AAPL,152.3194,153.7488,151.147,152.5764,152.5742,152.5785,1225
2025-11-03 14:48:03,AAPL,152.5764,153.2387,151.9005,152.5628,152.5583,152.5673,916
2025-11-03 14:49:03,AAPL,152.5628,152.7356,152.5044,152.6772,152.6723,152.6822,1629
2025-11-03 14:50:03,AAPL,152.6772,152.8126,152.1205,152.2559,152.2494,152.2624,2192
2025-11-03 14:51:03,AAPL,152.2559,155.5922,149.861,153.1973,153.1907,153.204,2286
2025-11-03 14:52:03,AAPL,153.1973,153.4786,152.9733,153.2545,153.2513,153.2577,409
2025-11-03 14:53:03,AAPL,153.2545,153.8679,152.6907,153.3041,153.2989,153.3093,825
2025-11-03 14:54:03,AAPL,153.3041,153.9099,152.9843,153.5902,153.584,153.5963,3621
2025-11-03 14:55:03,AAPL,153.5902,154.644,152.7288,153.7827,153.774,153.7913,2682
2025-11-03 14:56:03,AAPL,153.7827,153.9614,153.6977,153.8765,153.8697,153.8832,277
2025-11-03 14:57:03,AAPL,153.8765,154.9552,152.5016,153.5803,153.5734,153.5873,1558
2025-11-03 14:58:03,AAPL,153.5803,154.4586,152.8909,153.7692,153.764,153.7744,151
2025-11-03 14:59:03,AAPL,153.7692,155.0032,153.2681,154.5021,154.4936,154.5106,1149
2025-11-03 15:00:03,AAPL,154.5021,156.4354,153.0971,155.0304,155.0244,155.0364,7315
2025-11-03 15:01:03,AAPL,155.0304,156.4669,154.2204,155.6569,155.654,155.6597,425
2025-11-03 15:02:03,AAPL,155.6569,155.9924,155.1304,155.4658,155.4573,155.4744,476
2025-11-03 15:03:03,AAPL,155.4658,156.4266,154.1287,155.0895,155.0827,155.0962,2354
2025-11-03 15:04:03,AAPL,155.0895,155.1403,154.9976,155.0484,155.0445,155.0523,234
2025-11-03 15:05:03,AAPL,155.0484,155.7174,154.4089,155.0778,155.074,155.0816,582
2025-11-03 15:06:03,AAPL,155.0778,155.8739,154.7142,155.5104,155.5046,155.5161,1991
2025-11-03 15:07:03,AAPL,155.5104,156.1451,154.2267,154.8615,154.8554,154.8677,581
2025-11-03 15:08:03,AAPL,154.8615,155.9452,154.3788,155.4626,155.4571,155.4681,866
2025-11-03 15:09:03,AAPL,155.4626,156.2351,154.6365,155.409,155.4032,155.4147,2308
2025-11-03 15:10:03,AAPL,155.409,155.66,154.9999,155.251,155.2417,155.2602,1671
2025-11-03 15:11:03,AAPL,155.251,155.5537,154.5636,154.8664,154.8587,154.874,1431
2025-11-03 15:12:03,AAPL,154.8664,155.5827,153.5184,154.2347,154.2292,154.2402,781
2025-11-03 15:13:03,AAPL,154.2347,154.8779,153.917,154.5602,154.5528,154.5675,1587
2025-11-03 15:14:03,AAPL,154.5602,156.1431,153.0133,154.5962,154.5938,154.5986,969
2025-11-03 15:15:03,AAPL,154.5962,155.3969,153.3055,154.1062,154.1002,154.1122,1733
2025-11-03 15:16:03,AAPL,154.1062,154.1243,153.5975,153.6157,153.6062,153.6252,667
2025-11-03 15:17:03,AAPL,153.6157,154.6749,152.4353,153.4945,153.49,153.4989,913
2025-11-03 15:18:03,AAPL,153.4945,154.2037,153.4348,154.144,154.1411,154.1469,407
2025-11-03 15:19:03,AAPL,154.144,154.4833,153.7124,154.0517,154.0483,154.0551,1058
2025-11-03 15:20:03,AAPL,154.0517,154.8485,152.6848,153.4815,153.4793,153.4838,487
2025-11-03 15:21:03,AAPL,153.4815,153.8028,153.0737,153.395,153.3919,153.398,359
2025-11-03 15:22:03,AAPL,153.395,153.5353,153.1577,153.2981,153.294,153.3021,1420
2025-11-03 15:23:03,AAPL,153.2981,154.0374,151.5363,152.2756,152.2741,152.2771,1356
2025-11-03 15:24:03,AAPL,152.2756,153.1661,151.372,152.2625,152.2575,152.2676,2399
2025-11-03 15:25:03,AAPL,152.2625,154.2047,150.2401,152.1823,152.175,152.1895,712
2025-11-03 15:26:03,AAPL,152.1823,152.8897,151.7475,152.455,152.4523,152.4577,1649
2025-11-03 15:27:03,AAPL,152.455,153.4133,152.2106,153.169,153.1602,153.1778,1902
2025-11-03 15:28:03,AAPL,153.169,153.7545,153.0232,153.6087,153.6024,153.6149,1710
2025-11-03 15:29:03,AAPL,153.6087,153.8735,153.2482,153.5131,153.5055,153.5207,480
2025-11-03 15:30:03,AAPL,153.5131,153.767,152.8428,153.0967,153.0933,153.1,1273
2025-11-03 15:31:03,AAPL,153.0967,154.3141,152.8751,154.0925,154.0854,154.0996,1578
2025-11-03 15:32:03,AAPL,154.0925,154.2494,153.9662,154.123,154.1208,154.1253,1104
2025-11-03 15:33:03,AAPL,154.123,155.1243,153.1348,154.1361,154.1289,154.1433,136
2025-11-03 15:34:03,AAPL,154.1361,154.891,153.3796,154.1345,154.1291,154.1399,1287
2025-11-03 15:35:03,AAPL,154.1345,155.0735,153.2796,154.2186,154.2122,154.2249,10021
2025-11-03 15:36:03,AAPL,154.2186,155.2064,153.1828,154.1706,154.1686,154.1727,765
2025-11-03 15:37:03,AAPL,154.1706,154.2592,153.8688,153.9574,153.9546,153.9601,529
2025-11-03 15:38:03,AAPL,153.9574,155.5488,152.1633,153.7547,153.7482,153.7612,1592
2025-11-03 15:39:03,AAPL,153.7547,154.2106,153.294,153.7498,153.7472,153.7525,1498
2025-11-03 15:40:03,AAPL,153.7498,154.7226,152.576,153.5488,153.5426,153.5549,3614
2025-11-03 15:41:03,AAPL,153.5488,153.5659,153.2659,153.283,153.2814,153.2846,311
2025-11-03 15:42:03,AAPL,153.283,154.081,152.5336,153.3315,153.3244,153.3386,2278
2025-11-03 15:43:03,AAPL,153.3315,153.7101,152.8629,153.2414,153.2395,153.2434,1979
2025-11-03 15:44:03,AAPL,153.2414,154.4569,152.611,153.8264,153.82,153.8328,951
2025-11-03 15:45:03,AAPL,153.8264,154.2365,152.4079,152.8179,152.8114,152.8245,1538
2025-11-03 15:46:03,AAPL,152.8179,153.4224,152.6387,153.2432,153.2399,153.2464,3070
2025-11-03 15:47:03,AAPL,153.2432,154.0041,152.9681,153.729,153.7225,153.7354,2623
2025-11-03 15:48:03,AAPL,153.729,154.0228,152.648,152.9418,152.9362,152.9475,349
2025-11-03 15:49:03,AAPL,152.9418,153.6337,152.1267,152.8185,152.8149,152.8222,2490
2025-11-03 15:50:03,AAPL,152.8185,154.0301,151.4728,152.6843,152.6818,152.6868,1027
2025-11-03 15:51:03,AAPL,152.6843,152.9261,151.9139,152.1556,152.1555,152.1557,1179
2025-11-03 15:52:03,AAPL,152.1556,153.0685,150.9547,151.8676,151.8617,151.8735,1179
2025-11-03 15:53:03,AAPL,151.8676,153.0086,150.3131,151.4541,151.453,151.4552,943
2025-11-03 15:54:03,AAPL,151.4541,152.8754,150.7054,152.1266,152.1214,152.1319,3610
2025-11-03 15:55:03,AAPL,152.1266,152.8143,151.8029,152.4905,152.4862,152.4949,1008
2025-11-03 15:56:03,AAPL,152.4905,153.2865,152.1877,152.9837,152.977,152.9904,357
2025-11-03 15:57:03,AAPL,152.9837,153.2858,152.9656,153.2676,153.2634,153.2719,739
2025-11-03 15:58:03,AAPL,153.2676,153.9454,152.1655,152.8433,152.8391,152.8474,1311
2025-11-03 15:59:03,AAPL,152.8433,153.0865,152.4073,152.6506,152.6438,152.6574,3748
2025-11-03 16:00:03,AAPL,152.6506,153.7294,151.7663,152.8451,152.8393,152.851,2004
2025-11-03 16:01:03,AAPL,152.8451,153.7359,151.4957,152.3865,152.3807,152.3923,468
2025-11-03 16:02:03,AAPL,152.3865,153.0144,152.038,152.666,152.6598,152.6721,13163
2025-11-03 16:03:03,AAPL,152.666,152.8168,152.431,152.5819,152.5807,152.5831,1429
2025-11-03 16:04:03,AAPL,152.5819,152.7944,152.2341,152.4466,152.4397,152.4535,3926
2025-11-03 16:05:03,AAPL,152.4466,152.9196,152.2524,152.7254,152.7189,152.732,942
2025-11-03 16:06:03,AAPL,152.7254,153.3428,152.2854,152.9028,152.9004,152.9053,1869
2025-11-03 16:07:03,AAPL,152.9028,153.259,152.4164,152.7725,152.7681,152.7769,2538
2025-11-03 16:08:03,AAPL,152.7725,153.8771,152.1191,153.2236,153.2187,153.2285,3707
2025-11-03 16:09:03,AAPL,153.2236,154.2331,151.8082,152.8177,152.813,152.8224,3156
2025-11-03 16:10:03,AAPL,152.8177,153.1556,152.7229,153.0609,153.055,153.0667,2623
2025-11-03 16:11:03,AAPL,153.0609,154.7498,151.6067,153.2956,153.2871,153.3042,800
2025-11-03 16:12:03,AAPL,153.2956,154.0459,152.4345,153.1847,153.177,153.1924,619
2025-11-03 16:13:03,AAPL,153.1847,153.8256,152.6764,153.3173,153.3156,153.319,1529
2025-11-03 16:14:03,AAPL,153.3173,153.7028,152.4607,152.8462,152.8396,152.8527,2788
2025-11-03 16:15:03,AAPL,152.8462,153.342,152.7115,153.2073,153.199,153.2157,877
2025-11-03 16:16:03,AAPL,153.2073,153.4703,152.8812,153.1442,153.1382,153.1502,3181
2025-11-03 16:17:03,AAPL,153.1442,153.5111,152.5849,152.9518,152.9441,152.9596,4687
2025-11-03 16:18:03,AAPL,152.9518,153.8372,152.4758,153.3611,153.3511,153.3712,438
2025-11-03 16:19:03,AAPL,153.3611,154.1934,152.2667,153.099,153.0914,153.1065,474
2025-11-03 16:20:03,AAPL,153.099,153.4064,152.2611,152.5685,152.5629,152.5741,953
2025-11-03 16:21:03,AAPL,152.5685,152.7494,151.8026,151.9835,151.9759,151.9911,1491
2025-11-03 16:22:03,AAPL,151.9835,152.726,151.4791,152.2215,152.2162,152.2269,649
2025-11-03 16:23:03,AAPL,152.2215,153.6465,150.3177,151.7426,151.7376,151.7477,4239
2025-11-03 16:24:03,AAPL,151.7426,152.5169,151.6432,152.4174,152.4133,152.4215,1675
2025-11-03 16:25:03,AAPL,152.4174,153.1483,150.9029,151.6338,151.6248,151.6427,1140
2025-11-03 16:26:03,AAPL,151.6338,153.1161,150.8034,152.2858,152.2829,152.2888,260
2025-11-03 16:27:03,AAPL,152.2858,152.4641,152.1955,152.3738,152.365,152.3826,294
2025-11-03 16:28:03,AAPL,152.3738,154.0033,150.7151,152.3446,152.3383,152.3508,1452
2025-11-03 16:29:03,AAPL,152.3446,152.9802,151.5092,152.1448,152.1433,152.1463,129
2025-11-03 16:30:03,AAPL,152.1448,152.7058,151.7433,152.3043,152.2984,152.3102,3018
2025-11-03 16:31:03,AAPL,152.3043,152.3722,152.2297,152.2976,152.2973,152.2978,936
2025-11-03 16:32:03,AAPL,152.2976,152.9749,152.0486,152.7259,152.7193,152.7324,28087
2025-11-03 16:33:03,AAPL,152.7259,152.92,152.583,152.7771,152.7699,152.7844,11024
2025-11-03 16:34:03,AAPL,152.7771,153.3743,152.2451,152.8422,152.8387,152.8457,914
2025-11-03 16:35:03,AAPL,152.8422,153.1688,152.3843,152.711,152.7057,152.7163,986
2025-11-03 16:36:03,AAPL,152.711,153.0958,152.312,152.6969,152.687,152.7067,2967
2025-11-03 16:37:03,AAPL,152.6969,153.0167,152.5022,152.822,152.8183,152.8258,6021
2025-11-03 16:38:03,AAPL,152.822,153.3762,151.6236,152.1777,152.1753,152.18,213
2025-11-03 16:39:03,AAPL,152.1777,152.6392,151.2117,151.6732,151.6645,151.6819,183
2025-11-03 16:40:03,AAPL,151.6732,152.6645,150.9716,151.9629,151.953,151.9728,588
2025-11-03 16:41:03,AAPL,151.9629,152.8499,151.1484,152.0354,152.0304,152.0404,1963
2025-11-03 16:42:03,AAPL,152.0354,152.4374,151.5711,151.9731,151.9656,151.9806,1802
2025-11-03 16:43:03,AAPL,151.9731,152.5938,151.3671,151.9877,151.9794,151.9961,3196
2025-11-03 16:44:03,AAPL,151.9877,152.4029,151.7123,152.1275,152.1243,152.1306,330
2025-11-03 16:45:03,AAPL,152.1275,153.5061,150.5513,151.9299,151.9261,151.9337,108
2025-11-03 16:46:03,AAPL,151.9299,152.0975,151.4746,151.6422,151.6341,151.6502,2586
2025-11-03 16:47:03,AAPL,151.6422,151.986,151.3802,151.724,151.7148,151.7332,479
2025-11-03 16:48:03,AAPL,151.724,151.7386,151.3464,151.3609,151.3545,151.3673,145
2025-11-03 16:49:03,AAPL,151.3609,151.7504,151.1335,151.5231,151.5203,151.5259,1267
2025-11-03 16:50:03,AAPL,151.5231,152.123,150.2871,150.887,150.8771,150.897,2424
2025-11-03 16:51:03,AAPL,150.887,152.4955,149.6748,151.2833,151.2796,151.287,970
2025-11-03 16:52:03,AAPL,151.2833,152.26,150.493,151.4697,151.4656,151.4739,693
2025-11-03 16:53:03,AAPL,151.4697,152.3751,150.6689,151.5743,151.5684,151.5801,935
2025-11-03 16:54:03,AAPL,151.5743,152.6674,150.8616,151.9547,151.9458,151.9636,757
2025-11-03 16:55:03,AAPL,151.9547,153.8793,150.6718,152.5964,152.5892,152.6035,284
2025-11-03 16:56:03,AAPL,152.5964,153.0698,152.518,152.9915,152.9854,152.9975,536
2025-11-03 16:57:03,AAPL,152.9915,153.1181,152.17,152.2966,152.2904,152.3028,1846
2025-11-03 16:58:03,AAPL,152.2966,152.3491,151.7652,151.8178,151.8127,151.8229,1512
2025-11-03 16:59:03,AAPL,151.8178,152.6892,150.717,151.5884,151.582,151.5948,1297
2025-11-03 17:00:03,AAPL,151.5884,152.3014,150.8929,151.6059,151.6045,151.6072,405
2025-11-03 17:01:03,AAPL,151.6059,151.9886,151.4271,151.8098,151.8055,151.814,914
2025-11-03 17:02:03,AAPL,151.8098,152.5412,150.8108,151.5422,151.5366,151.5478,124
2025-11-03 17:03:03,AAPL,151.5422,151.9964,151.1664,151.6205,151.6184,151.6227,1310
2025-11-03 17:04:03,AAPL,151.6205,151.7627,151.1999,151.342,151.3361,151.348,4577
2025-11-03 17:05:03,AAPL,151.342,152.0928,150.3676,151.1184,151.1139,151.1229,251
2025-11-03 17:06:03,AAPL,151.1184,153.1458,148.568,150.5954,150.586,150.6048,610
2025-11-03 17:07:03,AAPL,150.5954,151.1038,149.7474,150.2558,150.2468,150.2647,1524
2025-11-03 17:08:03,AAPL,150.2558,150.7463,149.2658,149.7564,149.7525,149.7602,3838
2025-11-03 17:09:03,AAPL,149.7564,151.1293,148.0259,149.3989,149.3943,149.4035,700
2025-11-03 17:10:03,AAPL,149.3989,150.1839,149.0155,149.8005,149.7956,149.8053,548
2025-11-03 17:11:03,AAPL,149.8005,150.8307,148.4226,149.4528,149.4489,149.4567,153
2025-11-03 17:12:03,AAPL,149.4528,150.5502,149.3497,150.4471,150.4416,150.4526,1216
2025-11-03 17:13:03,AAPL,150.4471,151.355,149.7325,150.6403,150.6372,150.6434,8451
2025-11-03 17:14:03,AAPL,150.6403,151.9267,149.4311,150.7175,150.7153,150.7196,1447
2025-11-03 17:15:03,AAPL,150.7175,151.7036,149.4157,150.4019,150.3953,150.4085,1072
2025-11-03 17:16:03,AAPL,150.4019,151.903,149.1719,150.673,150.6664,150.6796,1513
2025-11-03 17:17:03,AAPL,150.673,151.2296,149.9072,150.4638,150.4608,150.4668,1084
2025-11-03 17:18:03,AAPL,150.4638,150.5738,150.4073,150.5173,150.51,150.5245,486
2025-11-03 17:19:03,AAPL,150.5173,152.6927,149.3158,151.4913,151.4878,151.4947,2498
2025-11-03 17:20:03,AAPL,151.4913,151.6758,151.2779,151.4625,151.4568,151.4681,1374
2025-11-03 17:21:03,AAPL,151.4625,152.5383,150.83,151.9059,151.8988,151.9129,1116
2025-11-03 17:22:03,AAPL,151.9059,153.5341,150.0184,151.6466,151.6417,151.6516,413
2025-11-03 17:23:03,AAPL,151.6466,151.7786,151.509,151.641,151.6348,151.6471,4038
2025-11-03 17:24:03,AAPL,151.641,152.4138,151.5486,152.3214,152.3177,152.3251,2131
2025-11-03 17:25:03,AAPL,152.3214,152.735,151.6768,152.0904,152.0859,152.0949,630
2025-11-03 17:26:03,AAPL,152.0904,152.8215,152.0577,152.7888,152.7843,152.7932,2986
2025-11-03 17:27:03,AAPL,152.7888,154.3383,151.5175,153.067,153.0639,153.0701,666
2025-11-03 17:28:03,AAPL,153.067,153.534,152.3926,152.8596,152.855,152.8641,501
2025-11-03 17:29:03,AAPL,152.8596,153.255,152.7136,153.1091,153.1079,153.1102,513
2025-11-03 17:30:03,AAPL,153.1091,154.0463,152.5522,153.4895,153.4857,153.4932,186
2025-11-03 17:31:03,AAPL,153.4895,154.726,152.4994,153.7359,153.7317,153.7402,1757
2025-11-03 17:32:03,AAPL,153.7359,154.1948,152.6825,153.1413,153.1369,153.1456,175
2025-11-03 17:33:03,AAPL,153.1413,153.1691,152.843,152.8708,152.8664,152.8752,321
2025-11-03 17:34:03,AAPL,152.8708,153.1928,152.4619,152.7839,152.779,152.7887,137
2025-11-03 17:35:03,AAPL,152.7839,153.3032,152.2438,152.7631,152.7569,152.7693,1006
2025-11-03 17:36:03,AAPL,152.7631,154.0627,151.7083,153.0079,153.0008,153.0151,943
2025-11-03 17:37:03,AAPL,153.0079,153.1459,152.9456,153.0836,153.0802,153.087,791
2025-11-03 17:38:03,AAPL,153.0836,154.2121,151.4525,152.581,152.579,152.583,386
2025-11-03 17:39:03,AAPL,152.581,153.3038,152.011,152.7338,152.7314,152.7362,339
2025-11-03 17:40:03,AAPL,152.7338,153.0366,152.6719,152.9747,152.9709,152.9785,1744
2025-11-03 17:41:03,AAPL,152.9747,154.2898,151.8816,153.1966,153.1925,153.2007,632
2025-11-03 17:42:03,AAPL,153.1966,153.8507,152.9647,153.6188,153.6157,153.6219,1504
2025-11-03 17:43:03,AAPL,153.6188,154.5112,153.0547,153.9471,153.9453,153.9488,452
2025-11-03 17:44:03,AAPL,153.9471,154.371,153.7077,154.1316,154.1278,154.1355,1314
2025-11-03 17:45:03,AAPL,154.1316,155.137,153.107,154.1123,154.1068,154.1177,4037
2025-11-03 17:46:03,AAPL,154.1123,155.5187,152.075,153.4814,153.4749,153.4878,1970
2025-11-03 17:47:03,AAPL,153.4814,153.7402,153.3951,153.654,153.6504,153.6576,726
2025-11-03 17:48:03,AAPL,153.654,153.8616,153.5339,153.7415,153.7375,153.7454,1418
2025-11-03 17:49:03,AAPL,153.7415,154.3571,153.238,153.8536,153.8509,153.8563,862
2025-11-03 17:50:03,AAPL,153.8536,154.0135,153.211,153.3709,153.366,153.3759,1105
2025-11-03 17:51:03,AAPL,153.3709,153.9349,152.4007,152.9646,152.9618,152.9675,791
2025-11-03 17:52:03,AAPL,152.9646,153.6149,152.7253,153.3756,153.3691,153.382,930
2025-11-03 17:53:03,AAPL,153.3756,153.9726,152.7711,153.3681,153.3675,153.3686,1355
2025-11-03 17:54:03,AAPL,153.3681,154.4443,152.5611,153.6373,153.6332,153.6414,406
2025-11-03 17:55:03,AAPL,153.6373,153.6718,153.6213,153.6558,153.6501,153.6616,397
2025-11-03 17:56:03,AAPL,153.6558,155.1009,152.23,153.675,153.6695,153.6804,273
2025-11-03 17:57:03,AAPL,153.675,154.0891,153.6295,154.0436,154.0318,154.0553,221
2025-11-03 17:58:03,AAPL,154.0436,154.5749,153.3213,153.8526,153.8468,153.8585,324
2025-11-03 17:59:03,AAPL,153.8526,155.0326,152.7174,153.8973,153.8948,153.8998,1286
2025-11-03 18:00:03,AAPL,153.8973,155.2497,152.3749,153.7272,153.7225,153.732,449
2025-11-03 18:01:03,AAPL,153.7272,154.9154,152.3799,153.568,153.5675,153.5686,1832
2025-11-03 18:02:03,AAPL,153.568,153.7684,153.2567,153.4571,153.4523,153.4619,1135
2025-11-03 18:03:03,AAPL,153.4571,153.9315,153.0755,153.55,153.5471,153.5529,153
2025-11-03 18:04:03,AAPL,153.55,154.7359,152.1881,153.374,153.3667,153.3813,2111
2025-11-03 18:05:03,AAPL,153.374,154.5352,152.7027,153.8639,153.8603,153.8676,2467
2025-11-03 18:06:03,AAPL,153.8639,154.2262,153.1656,153.5279,153.5232,153.5326,405
2025-11-03 18:07:03,AAPL,153.5279,153.638,153.3537,153.4638,153.4604,153.4672,1669
2025-11-03 18:08:03,AAPL,153.4638,154.673,152.0937,153.3029,153.2935,153.3122,465
2025-11-03 18:09:03,AAPL,153.3029,154.5388,152.6303,153.8661,153.8619,153.8703,1209
2025-11-03 18:10:03,AAPL,153.8661,154.1509,153.6647,153.9495,153.9399,153.959,309
2025-11-03 18:11:03,AAPL,153.9495,155.0232,153.2811,154.3548,154.3478,154.3619,182
2025-11-03 18:12:03,AAPL,154.3548,155.9687,152.1765,153.7903,153.7841,153.7965,747
2025-11-03 18:13:03,AAPL,153.7903,154.4401,153.251,153.9007,153.8948,153.9066,969
2025-11-03 18:14:03,AAPL,153.9007,154.4095,153.7424,154.2511,154.2451,154.2571,736
2025-11-03 18:15:03,AAPL,154.2511,155.0309,153.5107,154.2906,154.2904,154.2907,335
2025-11-03 18:16:03,AAPL,154.2906,154.8083,154.1921,154.7098,154.7055,154.7141,735
2025-11-03 18:17:03,AAPL,154.7098,154.7675,154.46,154.5176,154.5105,154.5247,1435
2025-11-03 18:18:03,AAPL,154.5176,155.2394,154.349,155.0707,155.0659,155.0756,1048
2025-11-03 18:19:03,AAPL,155.0707,156.4598,154.5832,155.9723,155.9708,155.9738,1316
2025-11-03 18:20:03,AAPL,155.9723,156.0988,155.7122,155.8387,155.8338,155.8436,561
2025-11-03 18:21:03,AAPL,155.8387,156.1702,155.3416,155.673,155.6638,155.6823,3539
2025-11-03 18:22:03,AAPL,155.673,157.0653,154.8552,156.2475,156.2394,156.2556,338
2025-11-03 18:23:03,AAPL,156.2475,157.9318,155.1893,156.8736,156.8687,156.8784,1785
2025-11-03 18:24:03,AAPL,156.8736,156.9475,156.6025,156.6765,156.6691,156.6839,3575
2025-11-03 18:25:03,AAPL,156.6765,156.6906,156.5057,156.5198,156.5157,156.5239,1773
2025-11-03 18:26:03,AAPL,156.5198,157.051,155.8862,156.4174,156.4167,156.4181,895
2025-11-03 18:27:03,AAPL,156.4174,156.5923,155.7254,155.9003,155.8977,155.903,646
2025-11-03 18:28:03,AAPL,155.9003,156.6152,154.8356,155.5505,155.5416,155.5594,3090
2025-11-03 18:29:03,AAPL,155.5505,155.7658,154.9529,155.1682,155.1639,155.1726,264
2025-11-03 18:30:03,AAPL,155.1682,155.6276,154.4191,154.8784,154.874,154.8828,415
2025-11-03 18:31:03,AAPL,154.8784,155.1496,154.6016,154.8727,154.8685,154.877,736
2025-11-03 18:32:03,AAPL,154.8727,155.829,154.0149,154.9712,154.9614,154.981,3780
2025-11-03 18:33:03,AAPL,154.9712,155.6623,154.8898,155.5809,155.5718,155.5899,1603
2025-11-03 18:34:03,AAPL,155.5809,155.6058,155.1759,155.2008,155.1902,155.2113,416
2025-11-03 18:35:03,AAPL,155.2008,155.747,155.0447,155.591,155.5864,155.5956,804
2025-11-03 18:36:03,AAPL,155.591,155.6874,155.4191,155.5155,155.5098,155.5213,593
2025-11-03 18:37:03,AAPL,155.5155,156.9269,154.0927,155.5041,155.5029,155.5053,539
2025-11-03 18:38:03,AAPL,155.5041,156.186,155.0925,155.7744,155.7657,155.7831,2918
2025-11-03 18:39:03,AAPL,155.7744,155.844,155.2759,155.3456,155.3435,155.3476,278
2025-11-03 18:40:03,AAPL,155.3456,155.6218,155.2257,155.5019,155.4964,155.5075,5479
2025-11-03 18:41:03,AAPL,155.5019,156.3452,154.7312,155.5744,155.5722,155.5767,2510
2025-11-03 18:42:03,AAPL,155.5744,156.7231,154.6251,155.7739,155.7703,155.7774,3264
2025-11-03 18:43:03,AAPL,155.7739,156.5439,155.1242,155.8943,155.8914,155.8972,690
2025-11-03 18:44:03,AAPL,155.8943,157.5891,155.1672,156.862,156.8585,156.8655,943
2025-11-03 18:45:03,AAPL,156.862,157.1824,156.2996,156.62,156.6163,156.6236,261
2025-11-03 18:46:03,AAPL,156.62,157.1046,155.9353,156.42,156.4164,156.4236,648
2025-11-03 18:47:03,AAPL,156.42,157.7515,154.8528,156.1843,156.1772,156.1914,1796
2025-11-03 18:48:03,AAPL,156.1843,157.0795,155.0802,155.9754,155.9731,155.9776,4008
2025-11-03 18:49:03,AAPL,155.9754,156.6647,155.0455,155.7348,155.7293,155.7404,362
2025-11-03 18:50:03,AAPL,155.7348,156.9567,154.9844,156.2062,156.1982,156.2143,760
2025-11-03 18:51:03,AAPL,156.2062,157.2728,155.7033,156.7698,156.7661,156.7735,942
2025-11-03 18:52:03,AAPL,156.7698,157.8142,155.5098,156.5541,156.5509,156.5573,271
2025-11-03 18:53:03,AAPL,156.5541,156.7416,156.0489,156.2365,156.2321,156.2409,1980
2025-11-03 18:54:03,AAPL,156.2365,156.6451,156.02,156.4285,156.4206,156.4365,531
2025-11-03 18:55:03,AAPL,156.4285,156.6238,156.0253,156.2205,156.2151,156.226,901
2025-11-03 18:56:03,AAPL,156.2205,156.5765,156.1198,156.4758,156.4721,156.4794,697
2025-11-03 18:57:03,AAPL,156.4758,157.1711,155.8676,156.563,156.5568,156.5692,498
2025-11-03 18:58:03,AAPL,156.563,157.1581,155.3835,155.9786,155.9764,155.9809,1088
2025-11-03 18:59:03,AAPL,155.9786,157.9025,154.6672,156.5911,156.5844,156.5978,883
2025-11-03 19:00:03,AAPL,156.5911,158.2818,155.6128,157.3036,157.2975,157.3096,756
2025-11-03 19:01:03,AAPL,157.3036,158.5504,155.8237,157.0706,157.0664,157.0748,529
2025-11-03 19:02:03,AAPL,157.0706,157.845,156.1519,156.9263,156.9234,156.9292,1509
2025-11-03 19:03:03,AAPL,156.9263,157.8914,156.0813,157.0463,157.0436,157.0491,5730
2025-11-03 19:04:03,AAPL,157.0463,158.0038,156.2281,157.1856,157.1792,157.1919,1261
2025-11-03 19:05:03,AAPL,157.1856,157.7605,156.8775,157.4524,157.4444,157.4605,2969
2025-11-03 19:06:03,AAPL,157.4524,159.0829,156.6232,158.2536,158.2502,158.257,273
2025-11-03 19:07:03,AAPL,158.2536,158.4148,158.0303,158.1915,158.1854,158.1977,1284
2025-11-03 19:08:03,AAPL,158.1915,158.4226,157.653,157.884,157.8838,157.8843,365
2025-11-03 19:09:03,AAPL,157.884,158.4688,156.7637,157.3484,157.3449,157.3519,250
2025-11-03 19:10:03,AAPL,157.3484,158.3311,156.0863,157.069,157.0641,157.0739,523
2025-11-03 19:11:03,AAPL,157.069,158.1158,156.0171,157.0638,157.0611,157.0666,3611
2025-11-03 19:12:03,AAPL,157.0638,158.1996,156.6422,157.778,157.7753,157.7806,2835
2025-11-03 19:13:03,AAPL,157.778,157.9349,157.4249,157.5818,157.5785,157.5851,1398
2025-11-03 19:14:03,AAPL,157.5818,158.9405,156.3192,157.6779,157.6721,157.6836,236
2025-11-03 19:15:03,AAPL,157.6779,158.2837,157.0735,157.6793,157.6748,157.6838,901
2025-11-03 19:16:03,AAPL,157.6793,158.88,156.9556,158.1564,158.1558,158.1569,1482
2025-11-03 19:17:03,AAPL,158.1564,160.3783,156.9447,159.1666,159.1663,159.1669,1307
2025-11-03 19:18:03,AAPL,159.1666,160.0924,158.0377,158.9634,158.96,158.9669,173
2025-11-03 19:19:03,AAPL,158.9634,159.4078,158.3326,158.777,158.7709,158.7831,450
2025-11-03 19:20:03,AAPL,158.777,159.2198,158.7572,159.2,159.1981,159.2018,1028
2025-11-03 19:21:03,AAPL,159.2,159.6897,158.9898,159.4796,159.4758,159.4833,1874
2025-11-03 19:22:03,AAPL,159.4796,160.8328,158.8724,160.2256,160.2219,160.2292,121
2025-11-03 19:23:03,AAPL,160.2256,160.7857,159.9075,160.4677,160.4592,160.4761,932
2025-11-03 19:24:03,AAPL,160.4677,160.823,159.9762,160.3316,160.3276,160.3356,1265
2025-11-03 19:25:03,AAPL,160.3316,160.5874,160.3208,160.5766,160.5706,160.5825,2564
2025-11-03 19:26:03,AAPL,160.5766,161.44,160.1668,161.0303,161.025,161.0357,2192
2025-11-03 19:27:03,AAPL,161.0303,161.3738,161.0255,161.369,161.3687,161.3693,1963
2025-11-03 19:28:03,AAPL,161.369,161.9092,161.0417,161.5819,161.575,161.5888,492
2025-11-03 19:29:03,AAPL,161.5819,162.1036,161.4997,162.0214,162.0159,162.027,162
2025-11-03 19:30:03,AAPL,162.0214,162.5702,161.9552,162.5039,162.4976,162.5102,740
2025-11-03 19:31:03,AAPL,162.5039,163.352,162.2264,163.0745,163.0597,163.0893,2985
2025-11-03 19:32:03,AAPL,163.0745,163.5415,162.8804,163.3474,163.3472,163.3476,4418
2025-11-03 19:33:03,AAPL,163.3474,164.5464,162.0883,163.2873,163.278,163.2966,2231
2025-11-03 19:34:03,AAPL,163.2873,163.7761,162.8666,163.3554,163.3511,163.3597,1684
2025-11-03 19:35:03,AAPL,163.3554,164.0786,163.1338,163.857,163.8513,163.8628,1603
2025-11-03 19:36:03,AAPL,163.857,164.3798,163.0082,163.5309,163.526,163.5358,628
2025-11-03 19:37:03,AAPL,163.5309,163.9402,163.2805,163.6899,163.6859,163.6938,962
2025-11-03 19:38:03,AAPL,163.6899,164.5697,162.6573,163.5372,163.5336,163.5407,5820
2025-11-03 19:39:03,AAPL,163.5372,163.8343,163.2599,163.5571,163.5513,163.5629,427
2025-11-03 19:40:03,AAPL,163.5571,164.1694,163.4766,164.0889,164.0877,164.0901,5512
2025-11-03 19:41:03,AAPL,164.0889,164.5113,163.7531,164.1755,164.1686,164.1824,794
2025-11-03 19:42:03,AAPL,164.1755,165.3809,162.9974,164.2028,164.1988,164.2067,4127
2025-11-03 19:43:03,AAPL,164.2028,165.0479,162.8086,163.6537,163.6515,163.6559,268
2025-11-03 19:44:03,AAPL,163.6537,164.8629,162.7582,163.9675,163.9636,163.9714,1970
2025-11-03 19:45:03,AAPL,163.9675,164.3477,163.8603,164.2405,164.2324,164.2486,524
2025-11-03 19:46:03,AAPL,164.2405,166.4388,162.9411,165.1394,165.1357,165.1431,266
2025-11-03 19:47:03,AAPL,165.1394,166.8129,163.3472,165.0206,165.0147,165.0265,1364
2025-11-03 19:48:03,AAPL,165.0206,165.5979,164.5421,165.1193,165.1162,165.1225,3009
2025-11-03 19:49:03,AAPL,165.1193,165.6062,164.7437,165.2306,165.2237,165.2375,471
2025-11-03 19:50:03,AAPL,165.2306,167.2426,163.8798,165.8918,165.885,165.8985,244
2025-11-03 19:51:03,AAPL,165.8918,166.2988,165.4535,165.8605,165.8509,165.8702,1000
2025-11-03 19:52:03,AAPL,165.8605,166.5754,165.2697,165.9846,165.98,165.9891,1004
2025-11-03 19:53:03,AAPL,165.9846,166.711,165.5189,166.2453,166.2387,166.252,1897
2025-11-03 19:54:03,AAPL,166.2453,166.4573,166.1192,166.3312,166.326,166.3365,2834
2025-11-03 19:55:03,AAPL,166.3312,166.6853,165.7999,166.154,166.1457,166.1622,1033
2025-11-03 19:56:03,AAPL,166.154,167.7274,164.6695,166.2429,166.2397,166.2461,7012
2025-11-03 19:57:03,AAPL,166.2429,167.259,165.682,166.6981,166.6912,166.7049,1372
2025-11-03 19:58:03,AAPL,166.6981,167.5026,165.4746,166.2792,166.2746,166.2837,775
2025-11-03 19:59:03,AAPL,166.2792,166.5222,166.0997,166.3428,166.3379,166.3476,218
2025-11-03 20:00:03,AAPL,166.3428,167.8983,164.5046,166.0602,166.0549,166.0654,843
2025-11-03 20:01:03,AAPL,166.0602,167.2549,165.3706,166.5654,166.5597,166.571,783
2025-11-03 20:02:03,AAPL,166.5654,168.4631,164.0429,165.9406,165.9359,165.9453,2864
2025-11-03 20:03:03,AAPL,165.9406,166.1551,165.5027,165.7172,165.7116,165.7227,1741
2025-11-03 20:04:03,AAPL,165.7172,166.7075,164.8914,165.8818,165.8729,165.8908,337
2025-11-03 20:05:03,AAPL,165.8818,168.0094,164.413,166.5406,166.5332,166.5481,1302
2025-11-03 20:06:03,AAPL,166.5406,167.4628,165.5994,166.5216,166.5144,166.5288,2146
2025-11-03 20:07:03,AAPL,166.5216,166.8941,165.9264,166.2989,166.2951,166.3028,5054
2025-11-03 20:08:03,AAPL,166.2989,167.4402,165.9499,167.0912,167.0884,167.094,2663
2025-11-03 20:09:03,AAPL,167.0912,167.1707,166.4163,166.4958,166.4884,166.5031,2346
2025-11-03 20:10:03,AAPL,166.4958,168.479,163.6081,165.5913,165.5841,165.5985,1164
2025-11-03 20:11:03,AAPL,165.5913,166.9091,164.4641,165.7819,165.7732,165.7905,1616
2025-11-03 20:12:03,AAPL,165.7819,165.9722,165.3919,165.5822,165.5787,165.5857,3825
2025-11-03 20:13:03,AAPL,165.5822,165.933,164.8175,165.1682,165.1638,165.1727,289
2025-11-03 20:14:03,AAPL,165.1682,166.2836,164.3539,165.4693,165.4684,165.4702,773
2025-11-03 20:15:03,AAPL,165.4693,165.6519,165.3958,165.5784,165.5744,165.5825,506
2025-11-03 20:16:03,AAPL,165.5784,165.8095,165.1223,165.3534,165.3459,165.3609,1602
2025-11-03 20:17:03,AAPL,165.3534,165.6471,164.5395,164.8332,164.8294,164.837,3752
2025-11-03 20:18:03,AAPL,164.8332,165.4032,164.6314,165.2014,165.1948,165.208,603
2025-11-03 20:19:03,AAPL,165.2014,165.7358,164.944,165.4784,165.4739,165.4829,100
2025-11-03 20:20:03,AAPL,165.4784,165.9446,164.9795,165.4457,165.4398,165.4515,726
2025-11-03 20:21:03,AAPL,165.4457,166.4967,165.1684,166.2195,166.2174,166.2217,2733
2025-11-03 20:22:03,AAPL,166.2195,166.5023,165.5009,165.7837,165.7785,165.7889,1877
2025-11-03 20:23:03,AAPL,165.7837,165.8057,165.139,165.1609,165.1585,165.1634,1682
2025-11-03 20:24:03,AAPL,165.1609,166.0055,164.0392,164.8837,164.8792,164.8883,828
2025-11-03 20:25:03,AAPL,164.8837,164.9223,164.8346,164.8732,164.8723,164.8741,305
2025-11-03 20:26:03,AAPL,164.8732,166.3115,163.5434,164.9818,164.9737,164.9898,1835
2025-11-03 20:27:03,AAPL,164.9818,165.9282,163.9441,164.8905,164.8836,164.8975,476
2025-11-03 20:28:03,AAPL,164.8905,165.7233,164.2112,165.044,165.0378,165.0501,9740
2025-11-03 20:29:03,AAPL,165.044,165.5343,164.0463,164.5366,164.5278,164.5454,1940
2025-11-03 20:30:03,AAPL,164.5366,165.5866,164.0899,165.1398,165.1372,165.1425,613
2025-11-03 20:31:03,AAPL,165.1398,166.1707,164.0833,165.1142,165.1048,165.1235,595
2025-11-03 20:32:03,AAPL,165.1142,167.1861,163.5124,165.5843,165.577,165.5916,999
2025-11-03 20:33:03,AAPL,165.5843,168.0878,163.231,165.7345,165.7301,165.7389,863
2025-11-03 20:34:03,AAPL,165.7345,166.7242,164.9425,165.9322,165.9243,165.94,3350
2025-11-03 20:35:03,AAPL,165.9322,166.3444,165.7647,166.177,166.1748,166.1792,1321
2025-11-03 20:36:03,AAPL,166.177,166.4126,166.1358,166.3714,166.3685,166.3744,527
2025-11-03 20:37:03,AAPL,166.3714,166.8615,166.1573,166.6473,166.6438,166.6508,7262
2025-11-03 20:38:03,AAPL,166.6473,167.6012,166.2565,167.2103,167.2067,167.214,1152
2025-11-03 20:39:03,AAPL,167.2103,167.7848,166.7264,167.3009,167.2985,167.3032,2365
2025-11-03 20:40:03,AAPL,167.3009,168.0228,166.8842,167.6061,167.598,167.6141,596
2025-11-03 20:41:03,AAPL,167.6061,167.6732,167.5096,167.5768,167.5725,167.5812,1576
2025-11-03 20:42:03,AAPL,167.5768,168.3377,167.4288,168.1897,168.1838,168.1955,1496
2025-11-03 20:43:03,AAPL,168.1897,168.3031,167.8004,167.9139,167.9103,167.9175,165
2025-11-03 20:44:03,AAPL,167.9139,168.8262,167.7677,168.68,168.6796,168.6805,8227
2025-11-03 20:45:03,AAPL,168.68,169.5304,167.8212,168.6715,168.6659,168.6772,3986
2025-11-03 20:46:03,AAPL,168.6715,169.1167,167.6325,168.0777,168.0775,168.0779,737
2025-11-03 20:47:03,AAPL,168.0777,170.3452,165.8724,168.1399,168.1351,168.1448,364
2025-11-03 20:48:03,AAPL,168.1399,168.6319,167.3704,167.8623,167.8607,167.8639,1552
2025-11-03 20:49:03,AAPL,167.8623,168.3699,167.7162,168.2238,168.2139,168.2338,1195
2025-11-03 20:50:03,AAPL,168.2238,168.2379,167.944,167.958,167.9507,167.9653,1565
2025-11-03 20:51:03,AAPL,167.958,168.2494,167.4878,167.7791,167.7739,167.7844,1328
2025-11-03 20:52:03,AAPL,167.7791,168.6222,166.1537,166.9968,166.9886,167.005,1819
2025-11-03 20:53:03,AAPL,166.9968,167.7074,166.1058,166.8164,166.8135,166.8193,4662
2025-11-03 20:54:03,AAPL,166.8164,167.3961,165.2372,165.8169,165.8105,165.8233,1935
2025-11-03 20:55:03,AAPL,165.8169,166.1222,164.8646,165.1699,165.1644,165.1754,383
2025-11-03 20:56:03,AAPL,165.1699,166.2212,164.4411,165.4924,165.4868,165.4981,4283
2025-11-03 20:57:03,AAPL,165.4924,166.8609,164.4577,165.8262,165.818,165.8343,5656
2025-11-03 20:58:03,AAPL,165.8262,166.481,165.3561,166.0109,166.0041,166.0178,25643
2025-11-03 20:59:03,AAPL,166.0109,166.6577,164.9716,165.6184,165.6126,165.6241,356
2025-11-03 21:00:03,AAPL,165.6184,166.3332,164.8921,165.6069,165.606,165.6078,1398
2025-11-03 21:01:03,AAPL,165.6069,165.9985,165.2221,165.6137,165.6111,165.6163,136
2025-11-03 21:02:03,AAPL,165.6137,166.1575,164.5992,165.143,165.1383,165.1477,1906
2025-11-03 21:03:03,AAPL,165.143,166.1603,164.7559,165.7732,165.7679,165.7784,633
2025-11-03 21:04:03,AAPL,165.7732,166.6266,165.2921,166.1455,166.1433,166.1477,7505
2025-11-03 21:05:03,AAPL,166.1455,166.4694,165.7381,166.062,166.051,166.0731,505
2025-11-03 21:06:03,AAPL,166.062,166.6818,165.4617,166.0815,166.0727,166.0903,202
2025-11-03 21:07:03,AAPL,166.0815,166.7421,165.5158,166.1764,166.1699,166.1829,684
2025-11-03 21:08:03,AAPL,166.1764,167.068,164.4469,165.3386,165.3334,165.3437,152
2025-11-03 21:09:03,AAPL,165.3386,165.8698,164.7135,165.2447,165.2402,165.2492,2324
2025-11-03 21:10:03,AAPL,165.2447,165.5083,164.7079,164.9714,164.9688,164.9741,139
2025-11-03 21:11:03,AAPL,164.9714,165.7741,163.7645,164.5671,164.5619,164.5723,1128
2025-11-03 21:12:03,AAPL,164.5671,164.587,164.4398,164.4597,164.4541,164.4654,137
2025-11-03 21:13:03,AAPL,164.4597,165.8702,163.7983,165.2087,165.2069,165.2106,796
2025-11-03 21:14:03,AAPL,165.2087,165.6042,165.0864,165.4819,165.4761,165.4878,5672
2025-11-03 21:15:03,AAPL,165.4819,166.0406,164.6954,165.254,165.2494,165.2587,1572
2025-11-03 21:16:03,AAPL,165.254,166.0054,164.7477,165.499,165.4988,165.4993,462
